# Min values: 183.7, 260.4, 197.3, 264.8, 241.0
# Max values: 325.8, 382.5, 285.0, 378.7, 439.8
# Starting CSV logging...
time_ms,raw0,raw1,raw2,raw3,raw4,gyroX_dps,gyroY_dps,gyroZ_dps,norm0,norm1,norm2,norm3,norm4,gestureID,Button
# Gesture ID set to 1
4854,244,318,266,343,312,7.863,-5.580,-5.313,0.4246,0.4717,0.7829,0.6864,0.3571,1,1
4901,318,367,333,384,363,8.237,-4.344,-3.611,0.9453,0.8728,1.0000,1.0000,0.6137,1,1
4950,325,371,339,387,368,13.656,-8.351,-0.916,0.9945,0.9055,1.0000,1.0000,0.6388,1,1
5003,327,371,340,387,368,6.427,-9.298,0.969,1.0000,0.9055,1.0000,1.0000,0.6388,1,1
5050,329,370,340,386,367,30.664,-14.046,-2.855,1.0000,0.8973,1.0000,1.0000,0.6338,1,1
5103,331,371,340,386,367,41.725,-43.489,-18.695,1.0000,0.9055,1.0000,1.0000,0.6338,1,1
5151,333,371,341,385,367,47.527,-42.336,-20.855,1.0000,0.9055,1.0000,1.0000,0.6338,1,1
5200,337,373,342,385,366,85.649,-50.901,-27.168,1.0000,0.9219,1.0000,1.0000,0.6288,1,1
5253,340,374,342,384,363,77.099,-52.542,-26.771,1.0000,0.9301,1.0000,1.0000,0.6137,1,1
5300,342,374,342,383,360,63.954,-29.840,-23.237,1.0000,0.9301,1.0000,1.0000,0.5986,1,1
5353,343,374,343,382,357,8.053,-28.649,1.733,1.0000,0.9301,1.0000,1.0000,0.5835,1,1
5403,342,375,343,382,356,62.412,-8.435,-7.885,1.0000,0.9382,1.0000,1.0000,0.5785,1,1
5450,341,378,343,380,353,60.053,-16.405,-8.443,1.0000,0.9628,1.0000,1.0000,0.5634,1,1
5503,343,382,343,379,350,50.710,-2.847,-7.771,1.0000,0.9955,1.0000,1.0000,0.5483,1,1
5550,347,394,348,380,348,45.542,-7.076,-9.901,1.0000,1.0000,1.0000,1.0000,0.5382,1,1
5603,365,401,354,380,345,26.443,1.328,5.305,1.0000,1.0000,1.0000,1.0000,0.5231,1,1
5652,383,403,356,378,342,13.160,13.099,4.008,1.0000,1.0000,1.0000,0.9937,0.5080,1,1
5699,395,402,354,375,341,2.351,-0.359,18.603,1.0000,1.0000,1.0000,0.9673,0.5030,1,1
5753,402,400,350,371,341,22.336,13.130,13.099,1.0000,1.0000,1.0000,0.9322,0.5030,1,1
5800,405,398,346,369,341,-3.176,17.344,21.321,1.0000,1.0000,1.0000,0.9147,0.5030,1,1
5853,406,396,342,366,342,8.626,21.748,6.725,1.0000,1.0000,1.0000,0.8883,0.5080,1,1
5902,407,394,339,363,345,-10.443,11.573,19.443,1.0000,1.0000,1.0000,0.8620,0.5231,1,1
5949,407,394,337,362,344,32.786,5.435,-0.939,1.0000,1.0000,1.0000,0.8532,0.5181,1,1
6003,407,393,336,361,343,14.374,1.779,15.656,1.0000,1.0000,1.0000,0.8444,0.5130,1,1
6052,408,392,335,360,343,8.809,-1.160,6.618,1.0000,1.0000,1.0000,0.8356,0.5130,1,1
6103,408,391,334,359,342,13.550,-0.145,1.618,1.0000,1.0000,1.0000,0.8269,0.5080,1,1
6152,408,391,334,359,341,0.489,-0.947,1.855,1.0000,1.0000,1.0000,0.8269,0.5030,1,1
6199,408,391,334,359,341,6.870,5.580,-4.313,1.0000,1.0000,1.0000,0.8269,0.5030,1,1
6252,407,390,334,358,340,3.305,4.221,-1.298,1.0000,1.0000,1.0000,0.8181,0.4979,1,1
6302,407,390,333,358,341,1.466,2.603,-8.939,1.0000,1.0000,1.0000,0.8181,0.5030,1,1
6353,406,390,333,358,340,5.481,2.237,0.527,1.0000,1.0000,1.0000,0.8181,0.4979,1,1
6402,406,390,333,358,340,6.863,2.740,-2.641,1.0000,1.0000,1.0000,0.8181,0.4979,1,1
6451,405,389,333,358,340,2.565,2.443,1.527,1.0000,1.0000,1.0000,0.8181,0.4979,1,1
6502,404,389,333,358,340,1.794,1.603,-1.748,1.0000,1.0000,1.0000,0.8181,0.4979,1,1
6551,404,389,333,358,340,9.107,0.435,0.985,1.0000,1.0000,1.0000,0.8181,0.4979,1,1
6603,404,388,333,358,339,3.084,0.771,0.061,1.0000,1.0000,1.0000,0.8181,0.4929,1,1
6652,403,388,332,358,340,8.534,2.489,0.260,1.0000,1.0000,1.0000,0.8181,0.4979,1,1
6701,404,388,332,358,339,1.687,-0.885,-1.305,1.0000,1.0000,1.0000,0.8181,0.4929,1,1
6752,403,388,333,358,339,7.130,2.237,-0.878,1.0000,1.0000,1.0000,0.8181,0.4929,1,1
6801,404,388,332,358,339,-8.092,-0.878,-0.626,1.0000,1.0000,1.0000,0.8181,0.4929,1,1
6852,403,388,333,358,339,1.672,1.183,-1.893,1.0000,1.0000,1.0000,0.8181,0.4929,1,1
6902,400,387,333,358,338,-14.588,-8.000,-8.023,1.0000,1.0000,1.0000,0.8181,0.4879,1,1
9900,304,365,313,376,341,-1.847,0.336,0.160,0.8468,0.8564,1.0000,0.9761,0.5030,1,1
9953,330,379,336,390,359,12.779,-3.817,0.092,1.0000,0.9710,1.0000,1.0000,0.5936,1,1
10000,331,379,338,391,359,-3.985,-14.183,2.901,1.0000,0.9710,1.0000,1.0000,0.5936,1,1
10054,331,377,338,390,355,-3.321,-10.153,0.321,1.0000,0.9546,1.0000,1.0000,0.5734,1,1
10103,331,376,338,388,350,-11.328,-7.786,3.473,1.0000,0.9464,1.0000,1.0000,0.5483,1,1
10150,330,374,337,384,347,-2.450,-5.710,1.733,1.0000,0.9301,1.0000,1.0000,0.5332,1,1
10203,330,373,339,379,343,-0.450,-15.328,3.366,1.0000,0.9219,1.0000,1.0000,0.5130,1,1
10250,330,375,341,375,340,22.298,-15.000,-1.435,1.0000,0.9382,1.0000,0.9673,0.4979,1,1
10303,334,386,343,372,338,5.473,-11.008,13.939,1.0000,1.0000,1.0000,0.9410,0.4879,1,1
10353,339,396,347,372,335,19.656,-2.580,8.824,1.0000,1.0000,1.0000,0.9410,0.4728,1,1
10400,347,400,348,372,334,14.809,7.069,14.321,1.0000,1.0000,1.0000,0.9410,0.4678,1,1
10453,356,399,345,373,332,10.580,11.053,10.817,1.0000,1.0000,1.0000,0.9498,0.4577,1,1
10502,361,396,341,372,330,3.725,23.420,12.153,1.0000,1.0000,1.0000,0.9410,0.4476,1,1
10553,363,394,337,370,328,11.237,12.496,3.496,1.0000,1.0000,1.0000,0.9234,0.4376,1,1
10602,368,393,334,368,327,36.359,16.382,-9.496,1.0000,1.0000,1.0000,0.9059,0.4325,1,1
10649,372,392,332,368,327,9.695,7.298,0.260,1.0000,1.0000,1.0000,0.9059,0.4325,1,1
10703,376,392,330,366,326,22.122,0.260,-5.374,1.0000,1.0000,1.0000,0.8883,0.4275,1,1
10752,378,392,330,366,326,10.053,-2.725,-1.023,1.0000,1.0000,1.0000,0.8883,0.4275,1,1
10799,379,392,330,366,326,19.626,2.939,-4.450,1.0000,1.0000,1.0000,0.8883,0.4275,1,1
10852,380,392,330,366,326,11.824,4.412,-2.863,1.0000,1.0000,1.0000,0.8883,0.4275,1,1
10901,381,391,329,365,326,1.191,3.069,-0.595,1.0000,1.0000,1.0000,0.8795,0.4275,1,1
10953,381,391,329,365,326,15.740,1.198,-3.107,1.0000,1.0000,1.0000,0.8795,0.4275,1,1
11002,382,391,329,365,326,2.237,1.328,0.267,1.0000,1.0000,1.0000,0.8795,0.4275,1,1
11053,383,390,329,364,326,14.023,-0.672,-2.260,1.0000,1.0000,1.0000,0.8708,0.4275,1,1
11102,383,390,329,364,326,2.435,-0.817,-0.481,1.0000,1.0000,1.0000,0.8708,0.4275,1,1
11151,383,390,329,363,326,4.626,0.382,-0.244,1.0000,1.0000,1.0000,0.8620,0.4275,1,1
11202,383,390,329,364,326,9.550,-0.992,-1.198,1.0000,1.0000,1.0000,0.8708,0.4275,1,1
11252,383,390,329,364,326,4.038,-1.061,0.695,1.0000,1.0000,1.0000,0.8708,0.4275,1,1
11303,383,389,329,364,326,11.504,0.931,-0.382,1.0000,1.0000,1.0000,0.8708,0.4275,1,1
11352,383,390,329,363,326,0.527,1.282,1.733,1.0000,1.0000,1.0000,0.8620,0.4275,1,1
11399,383,390,329,363,326,10.595,2.237,-2.885,1.0000,1.0000,1.0000,0.8620,0.4275,1,1
11452,383,390,329,364,327,0.244,0.725,-0.282,1.0000,1.0000,1.0000,0.8708,0.4325,1,1
11501,382,390,329,364,326,7.962,-2.130,-1.275,1.0000,1.0000,1.0000,0.8708,0.4275,1,1
11553,376,388,328,363,326,-15.847,-4.405,-3.725,1.0000,1.0000,1.0000,0.8620,0.4275,1,1
11602,362,388,329,364,326,-22.626,3.992,-16.634,1.0000,1.0000,1.0000,0.8708,0.4275,1,1
11649,344,389,332,365,327,15.878,6.779,-12.504,1.0000,1.0000,1.0000,0.8795,0.4325,1,1
11702,333,386,330,370,330,0.748,6.817,2.412,1.0000,1.0000,1.0000,0.9234,0.4476,1,1
11751,329,383,328,377,337,16.252,17.160,3.687,1.0000,1.0000,1.0000,0.9849,0.4829,1,1
11803,328,380,328,379,342,15.237,8.534,7.008,1.0000,0.9792,1.0000,1.0000,0.5080,1,1
# Gesture ID set to 3
19401,285,340,288,350,308,9.992,4.427,-0.252,0.7131,0.6518,1.0000,0.7478,0.3369,3,1
19450,323,366,325,374,341,1.939,5.595,0.992,0.9805,0.8646,1.0000,0.9586,0.5030,3,1
19503,326,369,328,376,343,6.344,6.420,-0.595,1.0000,0.8891,1.0000,0.9761,0.5130,3,1
19550,326,369,329,376,343,2.595,-0.305,-0.641,1.0000,0.8891,1.0000,0.9761,0.5130,3,1
19603,326,369,329,376,343,7.466,7.420,-3.031,1.0000,0.8891,1.0000,0.9761,0.5130,3,1
19652,326,369,329,376,343,7.603,6.374,-3.649,1.0000,0.8891,1.0000,0.9761,0.5130,3,1
19700,326,369,329,376,344,18.023,-4.496,-3.802,1.0000,0.8891,1.0000,0.9761,0.5181,3,1
19753,327,370,329,376,344,49.573,-29.321,-13.527,1.0000,0.8973,1.0000,0.9761,0.5181,3,1
19800,329,370,329,379,345,109.527,-48.000,-34.473,1.0000,0.8973,1.0000,1.0000,0.5231,3,1
19853,335,370,330,382,343,152.763,-60.557,-43.282,1.0000,0.8973,1.0000,1.0000,0.5130,3,1
19902,346,372,331,386,340,193.458,-69.176,-45.122,1.0000,0.9137,1.0000,1.0000,0.4979,3,1
19949,358,374,334,391,338,211.809,-72.916,-26.336,1.0000,0.9301,1.0000,1.0000,0.4879,3,1
20003,366,374,337,397,342,250.130,-70.473,-17.023,1.0000,0.9301,1.0000,1.0000,0.5080,3,1
20050,371,371,339,407,351,247.183,-37.053,-9.450,1.0000,0.9055,1.0000,1.0000,0.5533,3,1
20103,371,365,344,423,359,213.695,-9.557,0.214,1.0000,0.8564,1.0000,1.0000,0.5936,3,1
20152,374,361,348,434,367,155.443,51.244,10.511,1.0000,0.8237,1.0000,1.0000,0.6338,3,1
20199,379,359,347,439,372,138.679,40.695,22.183,1.0000,0.8073,1.0000,1.0000,0.6590,3,1
20253,383,357,344,443,378,122.573,81.992,33.534,1.0000,0.7909,1.0000,1.0000,0.6892,3,1
20302,382,356,339,444,381,73.313,80.275,38.252,1.0000,0.7827,1.0000,1.0000,0.7043,3,1
20353,380,353,336,444,381,86.779,90.290,39.137,1.0000,0.7582,1.0000,1.0000,0.7043,3,1
20402,379,352,336,443,382,69.817,69.611,33.916,1.0000,0.7500,1.0000,1.0000,0.7093,3,1
20449,378,351,337,442,382,34.260,40.595,26.618,1.0000,0.7418,1.0000,1.0000,0.7093,3,1
20502,378,348,337,442,380,30.023,43.977,26.649,1.0000,0.7173,1.0000,1.0000,0.6992,3,1
20552,377,346,335,441,379,-8.977,40.344,15.870,1.0000,0.7009,1.0000,1.0000,0.6942,3,1
20603,378,346,336,440,378,30.290,30.763,18.153,1.0000,0.7009,1.0000,1.0000,0.6892,3,1
20652,378,346,336,439,378,-30.458,16.878,-0.748,1.0000,0.7009,1.0000,1.0000,0.6892,3,1
20699,377,346,335,439,379,28.458,15.748,7.382,1.0000,0.7009,1.0000,1.0000,0.6942,3,1
20752,377,346,335,439,378,0.084,18.176,5.855,1.0000,0.7009,1.0000,1.0000,0.6892,3,1
20801,377,346,334,439,378,14.031,15.740,6.221,1.0000,0.7009,1.0000,1.0000,0.6892,3,1
20853,376,346,334,439,379,-5.962,12.115,-3.321,1.0000,0.7009,1.0000,1.0000,0.6942,3,1
20902,377,346,335,439,379,12.710,1.557,-3.809,1.0000,0.7009,1.0000,1.0000,0.6942,3,1
20951,376,346,335,439,379,6.496,3.756,-3.160,1.0000,0.7009,1.0000,1.0000,0.6942,3,1
21002,376,345,335,439,379,8.015,0.305,-2.725,1.0000,0.6927,1.0000,1.0000,0.6942,3,1
21051,376,346,335,439,379,14.496,5.725,-0.092,1.0000,0.7009,1.0000,1.0000,0.6942,3,1
21102,376,345,335,439,378,-1.924,1.893,-2.519,1.0000,0.6927,1.0000,1.0000,0.6892,3,1
21152,375,345,335,438,379,8.664,2.534,1.351,1.0000,0.6927,1.0000,1.0000,0.6942,3,1
21201,375,345,335,438,379,3.817,-1.237,-3.115,1.0000,0.6927,1.0000,1.0000,0.6942,3,1
21252,375,345,335,438,378,15.122,-0.779,1.893,1.0000,0.6927,1.0000,1.0000,0.6892,3,1
21301,375,345,335,438,378,-3.000,2.313,-5.107,1.0000,0.6927,1.0000,1.0000,0.6892,3,1
21352,375,345,334,437,378,7.809,-3.137,-3.191,1.0000,0.6927,1.0000,1.0000,0.6892,3,1
21401,375,345,335,437,378,0.412,2.611,-4.053,1.0000,0.6927,1.0000,1.0000,0.6892,3,1
21451,375,345,335,437,377,5.824,0.916,-2.061,1.0000,0.6927,1.0000,1.0000,0.6841,3,1
21502,375,346,335,437,378,1.954,1.718,-3.191,1.0000,0.7009,1.0000,1.0000,0.6892,3,1
21551,375,345,335,437,377,0.527,-2.763,-4.427,1.0000,0.6927,1.0000,1.0000,0.6841,3,1
21604,375,346,335,435,375,-24.550,-21.481,-8.618,1.0000,0.7009,1.0000,1.0000,0.6741,3,1
21651,373,347,334,429,371,-19.748,-28.725,-15.336,1.0000,0.7091,1.0000,1.0000,0.6539,3,1
21700,367,348,333,420,364,-53.924,-44.359,-28.282,1.0000,0.7173,1.0000,1.0000,0.6187,3,1
21752,362,351,334,410,357,-18.779,-57.435,-29.008,1.0000,0.7418,1.0000,1.0000,0.5835,3,1
21801,359,354,335,402,351,-77.886,-69.504,-31.870,1.0000,0.7664,1.0000,1.0000,0.5533,3,1
21854,358,359,336,396,344,-87.229,-20.473,-23.267,1.0000,0.8073,1.0000,1.0000,0.5181,3,1
21901,355,362,336,391,338,-51.489,-31.336,-23.550,1.0000,0.8318,1.0000,1.0000,0.4879,3,1
21950,353,363,336,389,334,-38.481,-28.115,-16.756,1.0000,0.8400,1.0000,1.0000,0.4678,3,1
25850,266,325,263,342,293,14.580,-1.710,-1.344,0.5794,0.5290,0.7487,0.6776,0.2614,3,1
25903,323,364,321,376,342,-1.580,6.481,-1.305,0.9805,0.8482,1.0000,0.9761,0.5080,3,1
25952,327,367,326,379,346,12.397,3.588,-7.901,1.0000,0.8728,1.0000,1.0000,0.5281,3,1
25999,328,367,326,380,346,11.916,4.099,-5.290,1.0000,0.8728,1.0000,1.0000,0.5281,3,1
26052,328,367,326,379,347,42.511,1.580,-15.763,1.0000,0.8728,1.0000,1.0000,0.5332,3,1
26102,329,367,326,380,348,95.870,-9.466,-48.275,1.0000,0.8728,1.0000,1.0000,0.5382,3,1
26153,341,371,327,390,353,250.130,-20.687,-75.649,1.0000,0.9055,1.0000,1.0000,0.5634,3,1
26202,357,376,329,396,349,250.130,-8.069,-50.893,1.0000,0.9464,1.0000,1.0000,0.5432,3,1
26249,367,373,333,405,351,201.450,-21.794,-53.282,1.0000,0.9219,1.0000,1.0000,0.5533,3,1
26302,374,368,338,417,359,225.275,8.084,-50.779,1.0000,0.8810,1.0000,1.0000,0.5936,3,1
26351,388,365,342,425,364,238.397,80.489,-62.519,1.0000,0.8564,1.0000,1.0000,0.6187,3,1
26403,398,359,342,429,368,197.046,123.092,-32.977,1.0000,0.8073,1.0000,1.0000,0.6388,3,1
26452,397,357,340,432,370,149.382,119.809,9.183,1.0000,0.7909,1.0000,1.0000,0.6489,3,1
26499,396,355,339,434,373,97.588,123.450,15.351,1.0000,0.7746,1.0000,1.0000,0.6640,3,1
26552,393,353,338,433,374,55.290,69.260,11.275,1.0000,0.7582,1.0000,1.0000,0.6690,3,1
26601,392,352,337,432,375,71.260,57.206,5.519,1.0000,0.7500,1.0000,1.0000,0.6741,3,1
26653,392,351,337,432,375,61.725,37.374,6.435,1.0000,0.7418,1.0000,1.0000,0.6741,3,1
26702,392,350,337,431,376,39.786,42.763,6.366,1.0000,0.7336,1.0000,1.0000,0.6791,3,1
26751,392,349,338,431,376,15.290,16.695,6.198,1.0000,0.7254,1.0000,1.0000,0.6791,3,1
26802,393,348,338,431,375,-1.435,27.328,-0.809,1.0000,0.7173,1.0000,1.0000,0.6741,3,1
26851,393,348,339,429,375,-0.229,10.252,-3.405,1.0000,0.7173,1.0000,1.0000,0.6741,3,1
26902,393,348,339,429,375,9.534,15.069,0.130,1.0000,0.7173,1.0000,1.0000,0.6741,3,1
26952,393,348,339,429,375,-9.183,13.275,-2.374,1.0000,0.7173,1.0000,1.0000,0.6741,3,1
27001,393,347,339,428,375,9.740,5.130,-1.076,1.0000,0.7091,1.0000,1.0000,0.6741,3,1
27052,393,347,339,428,375,-2.756,1.908,2.183,1.0000,0.7091,1.0000,1.0000,0.6741,3,1
27101,393,347,339,427,375,2.718,3.573,-1.115,1.0000,0.7091,1.0000,1.0000,0.6741,3,1
27154,393,347,339,427,375,2.519,2.687,0.031,1.0000,0.7091,1.0000,1.0000,0.6741,3,1
27201,393,347,338,427,375,1.962,4.779,-1.092,1.0000,0.7091,1.0000,1.0000,0.6741,3,1
27251,393,347,338,427,375,8.611,3.038,0.023,1.0000,0.7091,1.0000,1.0000,0.6741,3,1
27304,393,347,339,427,375,1.466,1.115,-1.916,1.0000,0.7091,1.0000,1.0000,0.6741,3,1
27351,393,348,338,427,376,8.221,2.511,-0.168,1.0000,0.7173,1.0000,1.0000,0.6791,3,1
27400,393,348,338,427,375,5.366,1.779,-0.573,1.0000,0.7173,1.0000,1.0000,0.6741,3,1
27453,393,348,338,426,375,4.748,-1.389,-0.939,1.0000,0.7173,1.0000,1.0000,0.6741,3,1
27500,392,348,338,426,375,9.634,5.298,0.191,1.0000,0.7173,1.0000,1.0000,0.6741,3,1
27554,392,348,338,426,375,0.817,-1.641,-1.977,1.0000,0.7173,1.0000,1.0000,0.6741,3,1
27601,392,347,338,426,376,7.489,1.046,-1.137,1.0000,0.7091,1.0000,1.0000,0.6791,3,1
27650,392,347,338,426,375,0.916,-4.321,-2.634,1.0000,0.7091,1.0000,1.0000,0.6741,3,1
27703,391,348,338,425,374,-12.893,-15.076,-6.695,1.0000,0.7173,1.0000,1.0000,0.6690,3,1
27750,390,348,337,423,371,-1.252,-21.473,-2.985,1.0000,0.7173,1.0000,1.0000,0.6539,3,1
27799,387,348,336,419,368,-23.237,-31.351,-6.244,1.0000,0.7173,1.0000,1.0000,0.6388,3,1
27853,379,349,335,415,363,-42.878,-22.527,-13.466,1.0000,0.7254,1.0000,1.0000,0.6137,3,1
27900,373,350,335,408,357,-6.115,-25.313,-10.656,1.0000,0.7336,1.0000,1.0000,0.5835,3,1
27953,371,352,334,401,350,-60.710,-23.443,-9.527,1.0000,0.7500,1.0000,1.0000,0.5483,3,1
28002,369,352,333,393,344,7.832,-15.130,-5.351,1.0000,0.7500,1.0000,1.0000,0.5181,3,1
28051,367,351,331,385,339,-72.122,-38.084,-6.618,1.0000,0.7418,1.0000,1.0000,0.4929,3,1
# Gesture ID set to 4
36252,309,335,300,355,309,7.237,-0.618,-0.198,0.8820,0.6109,1.0000,0.7917,0.3420,4,1
36301,340,362,333,378,340,4.794,0.511,2.939,1.0000,0.8318,1.0000,0.9937,0.4979,4,1
36352,343,365,336,381,343,2.763,3.107,-0.412,1.0000,0.8564,1.0000,1.0000,0.5130,4,1
36401,344,365,337,381,344,5.053,2.885,-1.366,1.0000,0.8564,1.0000,1.0000,0.5181,4,1
36452,345,365,337,382,344,-0.221,6.611,1.771,1.0000,0.8564,1.0000,1.0000,0.5181,4,1
36501,345,365,339,382,345,1.260,8.573,0.267,1.0000,0.8564,1.0000,1.0000,0.5231,4,1
36551,346,366,342,384,345,-20.023,14.466,11.473,1.0000,0.8646,1.0000,1.0000,0.5231,4,1
36602,347,367,348,388,347,-1.779,23.947,-1.695,1.0000,0.8728,1.0000,1.0000,0.5332,4,1
36651,350,370,357,395,351,-9.947,38.756,-15.328,1.0000,0.8973,1.0000,1.0000,0.5533,4,1
36704,355,375,368,403,363,-93.183,46.878,-9.542,1.0000,0.9382,1.0000,1.0000,0.6137,4,1
36751,359,379,379,412,377,-14.489,37.588,-34.267,1.0000,0.9710,1.0000,1.0000,0.6841,4,1
36800,367,382,386,422,387,-121.099,50.511,-33.885,1.0000,0.9955,1.0000,1.0000,0.7345,4,1
36852,372,383,395,434,395,-49.534,58.496,-44.947,1.0000,1.0000,1.0000,1.0000,0.7747,4,1
36901,377,384,401,444,404,-153.740,29.855,-54.771,1.0000,1.0000,1.0000,1.0000,0.8200,4,1
36954,384,384,405,452,422,-65.588,56.359,-53.901,1.0000,1.0000,1.0000,1.0000,0.9106,4,1
37001,389,383,404,452,440,-101.710,50.344,-26.290,1.0000,1.0000,1.0000,1.0000,1.0000,4,1
37050,394,380,402,439,456,-92.366,93.321,-32.115,1.0000,0.9792,1.0000,1.0000,1.0000,4,1
37101,396,373,401,436,463,-104.252,161.740,-58.893,1.0000,0.9219,1.0000,1.0000,1.0000,4,1
37151,397,368,401,412,467,-69.122,91.878,-28.771,1.0000,0.8810,1.0000,1.0000,1.0000,4,1
37204,396,364,402,439,470,-39.847,69.084,-23.893,1.0000,0.8482,1.0000,1.0000,1.0000,4,1
37251,395,362,401,440,471,-18.023,44.969,-12.214,1.0000,0.8318,1.0000,1.0000,1.0000,4,1
37300,395,360,401,440,470,-25.527,22.000,-5.748,1.0000,0.8155,1.0000,1.0000,1.0000,4,1
37353,395,359,401,439,471,2.565,8.481,-7.420,1.0000,0.8073,1.0000,1.0000,1.0000,4,1
37400,395,359,401,439,471,-0.634,-6.038,1.405,1.0000,0.8073,1.0000,1.0000,1.0000,4,1
37454,395,359,401,438,470,4.076,-9.786,3.733,1.0000,0.8073,1.0000,1.0000,1.0000,4,1
37503,395,359,400,438,471,11.046,-0.992,1.405,1.0000,0.8073,1.0000,1.0000,1.0000,4,1
37550,396,358,400,437,470,4.458,-5.214,2.031,1.0000,0.7991,1.0000,1.0000,1.0000,4,1
37603,396,357,401,437,470,15.420,3.649,0.481,1.0000,0.7909,1.0000,1.0000,1.0000,4,1
37650,395,356,400,436,470,6.611,1.168,0.084,1.0000,0.7827,1.0000,1.0000,1.0000,4,1
37704,395,356,400,436,470,7.336,1.656,0.489,1.0000,0.7827,1.0000,1.0000,1.0000,4,1
37753,395,355,401,435,470,5.473,2.237,0.977,1.0000,0.7746,1.0000,1.0000,1.0000,4,1
37800,395,355,401,435,470,14.298,-1.473,0.473,1.0000,0.7746,1.0000,1.0000,1.0000,4,1
37853,395,355,400,435,468,13.015,1.618,-1.107,1.0000,0.7746,1.0000,1.0000,1.0000,4,1
37900,395,355,400,435,468,2.260,-3.031,3.916,1.0000,0.7746,1.0000,1.0000,1.0000,4,1
37953,395,355,400,435,468,18.931,-10.817,1.328,1.0000,0.7746,1.0000,1.0000,1.0000,4,1
38003,394,355,400,435,468,4.779,-2.405,0.206,1.0000,0.7746,1.0000,1.0000,1.0000,4,1
38050,394,355,400,435,468,9.206,-0.153,5.176,1.0000,0.7746,1.0000,1.0000,1.0000,4,1
38103,394,355,400,434,468,7.710,-2.000,-0.176,1.0000,0.7746,1.0000,1.0000,1.0000,4,1
38150,394,355,400,434,468,13.718,-0.122,0.450,1.0000,0.7746,1.0000,1.0000,1.0000,4,1
38203,394,354,400,434,468,4.588,-0.298,1.008,1.0000,0.7664,1.0000,1.0000,1.0000,4,1
38250,393,355,400,434,468,17.160,-1.893,-0.145,1.0000,0.7746,1.0000,1.0000,1.0000,4,1
38300,391,356,399,435,467,13.031,-23.031,1.641,1.0000,0.7827,1.0000,1.0000,1.0000,4,1
38353,390,361,398,434,466,7.420,-75.374,12.107,1.0000,0.8237,1.0000,1.0000,1.0000,4,1
38400,389,365,397,434,463,22.603,-59.527,8.084,1.0000,0.8564,1.0000,1.0000,1.0000,4,1
38453,384,370,396,434,457,23.176,-69.824,26.137,1.0000,0.8973,1.0000,1.0000,1.0000,4,1
38502,377,374,395,433,453,15.885,-51.832,-3.954,1.0000,0.9301,1.0000,1.0000,1.0000,4,1
38549,369,379,395,432,444,-13.885,-35.412,25.687,1.0000,0.9710,1.0000,1.0000,1.0000,4,1
38603,362,377,392,431,419,18.458,-12.565,2.443,1.0000,0.9546,1.0000,1.0000,0.8955,4,1
38650,357,368,389,431,398,-29.359,-12.458,11.176,1.0000,0.8810,1.0000,1.0000,0.7898,4,1
38703,352,361,387,428,383,-0.885,-44.031,21.382,1.0000,0.8237,1.0000,1.0000,0.7143,4,1
38752,350,356,386,421,377,40.809,-49.618,15.298,1.0000,0.7827,1.0000,1.0000,0.6841,4,1
42250,292,347,311,355,314,-3.557,0.802,0.000,0.7623,0.7091,1.0000,0.7917,0.3671,4,1
42303,333,375,347,381,349,12.939,5.305,-2.519,1.0000,0.9382,1.0000,1.0000,0.5432,4,1
42353,336,377,349,383,352,5.504,-3.504,-1.626,1.0000,0.9546,1.0000,1.0000,0.5583,4,1
42400,336,377,350,383,352,16.779,0.733,-1.015,1.0000,0.9546,1.0000,1.0000,0.5583,4,1
42453,336,377,350,383,352,4.725,-8.634,-0.725,1.0000,0.9546,1.0000,1.0000,0.5583,4,1
42500,336,377,350,383,352,12.511,-0.947,-1.748,1.0000,0.9546,1.0000,1.0000,0.5583,4,1
42553,336,377,350,383,352,16.817,-16.809,-2.237,1.0000,0.9546,1.0000,1.0000,0.5583,4,1
42602,336,377,350,383,353,18.115,-21.840,-8.824,1.0000,0.9546,1.0000,1.0000,0.5634,4,1
42649,337,378,351,385,355,23.130,-25.550,-11.473,1.0000,0.9628,1.0000,1.0000,0.5734,4,1
42703,340,379,353,389,358,12.038,-22.405,-18.595,1.0000,0.9710,1.0000,1.0000,0.5885,4,1
42752,344,378,358,393,362,16.588,-22.550,-7.313,1.0000,0.9628,1.0000,1.0000,0.6087,4,1
42803,348,377,367,401,369,-9.313,-24.832,-24.458,1.0000,0.9546,1.0000,1.0000,0.6439,4,1
42852,352,376,377,412,376,6.893,-14.366,-23.855,1.0000,0.9464,1.0000,1.0000,0.6791,4,1
42901,357,373,388,423,383,11.885,8.229,-31.740,1.0000,0.9219,1.0000,1.0000,0.7143,4,1
42953,362,370,395,434,393,-41.824,4.214,-57.634,1.0000,0.8973,1.0000,1.0000,0.7646,4,1
43002,367,370,400,441,405,10.679,24.870,-39.679,1.0000,0.8973,1.0000,1.0000,0.8250,4,1
43049,371,372,402,443,424,-13.908,29.153,-38.779,1.0000,0.9137,1.0000,1.0000,0.9206,4,1
43102,374,371,401,441,442,-23.687,26.588,-10.092,1.0000,0.9055,1.0000,1.0000,1.0000,4,1
43151,377,369,400,439,453,4.954,55.450,-28.611,1.0000,0.8891,1.0000,1.0000,1.0000,4,1
43202,379,367,400,438,459,-34.779,61.412,-19.061,1.0000,0.8728,1.0000,1.0000,1.0000,4,1
43252,380,364,400,436,462,-32.015,29.824,-25.878,1.0000,0.8482,1.0000,1.0000,1.0000,4,1
43301,380,363,400,436,464,1.000,41.099,-18.000,1.0000,0.8400,1.0000,1.0000,1.0000,4,1
43352,379,362,401,435,464,-2.603,0.473,2.130,1.0000,0.8318,1.0000,1.0000,1.0000,4,1
43401,381,361,401,436,464,15.160,-1.664,-8.015,1.0000,0.8237,1.0000,1.0000,1.0000,4,1
43452,381,360,402,435,464,-2.573,1.885,14.038,1.0000,0.8155,1.0000,1.0000,1.0000,4,1
43501,382,359,402,435,463,10.718,5.328,1.847,1.0000,0.8073,1.0000,1.0000,1.0000,4,1
43551,383,358,403,435,463,7.672,2.855,2.260,1.0000,0.7991,1.0000,1.0000,1.0000,4,1
43602,383,358,402,435,463,2.382,9.130,-0.061,1.0000,0.7991,1.0000,1.0000,1.0000,4,1
43651,382,357,402,435,462,17.458,-7.382,-1.519,1.0000,0.7909,1.0000,1.0000,1.0000,4,1
43702,382,358,403,434,462,2.885,10.153,2.221,1.0000,0.7991,1.0000,1.0000,1.0000,4,1
43751,382,358,403,434,461,7.939,-13.527,-0.634,1.0000,0.7991,1.0000,1.0000,1.0000,4,1
43803,383,357,402,434,461,1.435,3.504,9.244,1.0000,0.7909,1.0000,1.0000,1.0000,4,1
43852,383,357,403,434,461,15.489,-5.954,-1.679,1.0000,0.7909,1.0000,1.0000,1.0000,4,1
43901,383,357,403,434,461,6.107,3.473,2.489,1.0000,0.7909,1.0000,1.0000,1.0000,4,1
43952,383,356,403,434,461,3.466,4.595,2.115,1.0000,0.7827,1.0000,1.0000,1.0000,4,1
44001,383,356,403,434,461,17.901,3.351,-6.130,1.0000,0.7827,1.0000,1.0000,1.0000,4,1
44052,383,356,403,434,461,-3.443,-1.015,4.023,1.0000,0.7827,1.0000,1.0000,1.0000,4,1
44102,383,357,403,433,460,14.351,0.908,-4.641,1.0000,0.7909,1.0000,1.0000,1.0000,4,1
44151,383,357,403,434,460,0.511,-4.122,5.534,1.0000,0.7909,1.0000,1.0000,1.0000,4,1
44202,383,357,403,433,460,4.954,-0.664,-1.420,1.0000,0.7909,1.0000,1.0000,1.0000,4,1
44251,383,357,402,433,460,6.069,5.931,-2.458,1.0000,0.7909,1.0000,1.0000,1.0000,4,1
44302,382,358,402,432,459,-2.603,-1.870,-1.695,1.0000,0.7991,1.0000,1.0000,1.0000,4,1
44351,381,358,402,433,459,2.580,-1.885,2.176,1.0000,0.7991,1.0000,1.0000,1.0000,4,1
44401,381,359,402,432,459,7.794,-8.573,0.641,1.0000,0.8073,1.0000,1.0000,1.0000,4,1
44452,381,359,401,432,459,8.443,-10.130,0.534,1.0000,0.8073,1.0000,1.0000,1.0000,4,1
# Gesture ID set to 7
52752,164,258,203,273,206,5.672,1.855,0.649,0.0000,0.0000,0.0645,0.0717,0.0000,7,1
52799,322,371,342,377,344,7.435,3.588,1.031,0.9734,0.9055,1.0000,0.9849,0.5181,7,1
52853,336,380,354,387,356,5.702,2.603,-1.664,1.0000,0.9792,1.0000,1.0000,0.5785,7,1
52902,336,381,355,387,357,9.229,3.519,-3.802,1.0000,0.9874,1.0000,1.0000,0.5835,7,1
52953,337,381,355,387,357,7.481,0.679,-1.863,1.0000,0.9874,1.0000,1.0000,0.5835,7,1
53002,337,381,355,388,357,15.588,-1.511,-2.015,1.0000,0.9874,1.0000,1.0000,0.5835,7,1
53049,337,382,355,388,356,23.664,-2.695,-4.687,1.0000,0.9955,1.0000,1.0000,0.5785,7,1
53102,337,383,356,391,357,40.870,-7.588,-8.740,1.0000,1.0000,1.0000,1.0000,0.5835,7,1
53152,337,385,358,396,358,30.718,-9.122,-12.076,1.0000,1.0000,1.0000,1.0000,0.5885,7,1
53203,336,387,360,400,362,32.511,-13.679,-17.649,1.0000,1.0000,1.0000,1.0000,0.6087,7,1
53252,337,389,363,404,367,141.603,12.237,-57.733,1.0000,1.0000,1.0000,1.0000,0.6338,7,1
53301,337,392,368,410,378,91.634,0.565,-64.977,1.0000,1.0000,1.0000,1.0000,0.6892,7,1
53352,338,398,379,418,393,136.847,31.427,-94.321,1.0000,1.0000,1.0000,1.0000,0.7646,7,1
53401,338,403,389,426,411,72.290,73.710,-100.099,1.0000,1.0000,1.0000,1.0000,0.8552,7,1
53453,337,407,400,434,425,61.954,57.740,-83.031,1.0000,1.0000,1.0000,1.0000,0.9257,7,1
53502,338,416,405,443,439,57.855,37.565,-91.702,1.0000,1.0000,1.0000,1.0000,0.9961,7,1
53549,339,423,407,448,452,37.290,43.664,-71.534,1.0000,1.0000,1.0000,1.0000,1.0000,7,1
53602,338,426,407,450,461,34.321,45.130,-42.580,1.0000,1.0000,1.0000,1.0000,1.0000,7,1
53651,338,429,408,451,466,32.260,51.313,-37.420,1.0000,1.0000,1.0000,1.0000,1.0000,7,1
53703,338,431,407,450,468,11.992,38.496,-21.405,1.0000,1.0000,1.0000,1.0000,1.0000,7,1
53752,338,433,406,450,469,18.954,28.031,-18.351,1.0000,1.0000,1.0000,1.0000,1.0000,7,1
53803,338,433,405,449,469,17.618,7.885,-1.725,1.0000,1.0000,1.0000,1.0000,1.0000,7,1
53852,338,433,405,449,469,19.786,19.740,-3.038,1.0000,1.0000,1.0000,1.0000,1.0000,7,1
53899,338,434,405,448,469,15.542,3.916,1.099,1.0000,1.0000,1.0000,1.0000,1.0000,7,1
53952,339,434,403,448,469,18.947,11.710,-7.458,1.0000,1.0000,1.0000,1.0000,1.0000,7,1
54002,338,434,403,447,468,15.053,5.595,-5.183,1.0000,1.0000,1.0000,1.0000,1.0000,7,1
54053,338,434,403,446,469,14.969,4.107,-3.122,1.0000,1.0000,1.0000,1.0000,1.0000,7,1
54102,338,434,403,446,468,7.702,2.748,-0.198,1.0000,1.0000,1.0000,1.0000,1.0000,7,1
54151,338,435,403,446,468,23.679,9.809,-1.076,1.0000,1.0000,1.0000,1.0000,1.0000,7,1
54202,338,434,402,446,468,7.221,1.641,2.802,1.0000,1.0000,1.0000,1.0000,1.0000,7,1
54251,338,434,403,446,467,7.641,3.725,2.641,1.0000,1.0000,1.0000,1.0000,1.0000,7,1
54303,338,434,402,446,468,1.893,1.374,0.008,1.0000,1.0000,1.0000,1.0000,1.0000,7,1
54352,338,434,403,445,467,5.809,5.053,0.206,1.0000,1.0000,1.0000,1.0000,1.0000,7,1
54399,338,434,402,445,467,5.977,-0.336,0.099,1.0000,1.0000,1.0000,1.0000,1.0000,7,1
54452,338,434,402,445,468,-0.847,1.214,3.153,1.0000,1.0000,1.0000,1.0000,1.0000,7,1
54501,338,434,402,445,467,11.611,4.779,-1.489,1.0000,1.0000,1.0000,1.0000,1.0000,7,1
54552,338,434,402,445,468,4.748,3.137,0.519,1.0000,1.0000,1.0000,1.0000,1.0000,7,1
54602,338,434,402,445,468,7.099,-0.687,1.397,1.0000,1.0000,1.0000,1.0000,1.0000,7,1
54653,338,434,402,445,467,4.496,2.695,1.282,1.0000,1.0000,1.0000,1.0000,1.0000,7,1
54702,338,434,402,445,467,1.573,1.221,3.237,1.0000,1.0000,1.0000,1.0000,1.0000,7,1
54751,338,434,402,445,467,6.290,3.885,0.214,1.0000,1.0000,1.0000,1.0000,1.0000,7,1
54802,338,434,401,444,467,6.420,1.023,1.176,1.0000,1.0000,1.0000,1.0000,1.0000,7,1
54851,338,434,401,443,467,7.725,4.374,0.389,1.0000,1.0000,1.0000,1.0000,1.0000,7,1
54903,338,434,401,444,467,3.198,3.023,-0.099,1.0000,1.0000,1.0000,1.0000,1.0000,7,1
54952,339,434,401,444,466,5.786,2.344,0.275,1.0000,1.0000,1.0000,1.0000,1.0000,7,1
55001,338,434,401,443,466,4.855,2.466,1.298,1.0000,1.0000,1.0000,1.0000,1.0000,7,1
55052,338,433,401,443,466,6.809,2.107,-2.420,1.0000,1.0000,1.0000,1.0000,1.0000,7,1
55101,338,433,400,442,465,5.855,3.847,1.420,1.0000,1.0000,1.0000,1.0000,1.0000,7,1
55153,338,431,399,442,465,12.649,-2.672,-3.947,1.0000,1.0000,1.0000,1.0000,1.0000,7,1
56701,141,266,237,301,237,9.000,-11.008,-10.053,0.0000,0.0461,0.4522,0.3176,0.0000,7,1
56750,311,374,360,392,360,20.427,-1.153,-8.450,0.8960,0.9301,1.0000,1.0000,0.5986,7,1
56803,326,384,370,400,371,-4.130,-2.328,-2.099,1.0000,1.0000,1.0000,1.0000,0.6539,7,1
56850,327,385,371,401,372,10.504,-1.542,1.420,1.0000,1.0000,1.0000,1.0000,0.6590,7,1
56904,327,385,371,401,373,-0.008,10.985,5.435,1.0000,1.0000,1.0000,1.0000,0.6640,7,1
56951,328,385,372,401,374,-1.496,10.527,8.053,1.0000,1.0000,1.0000,1.0000,0.6690,7,1
57000,327,386,372,402,375,-0.321,6.252,3.985,1.0000,1.0000,1.0000,1.0000,0.6741,7,1
57053,327,388,373,402,379,10.389,1.328,-4.573,1.0000,1.0000,1.0000,1.0000,0.6942,7,1
57100,327,390,373,404,383,45.947,-6.573,-13.519,1.0000,1.0000,1.0000,1.0000,0.7143,7,1
57153,327,392,375,406,391,129.107,-13.351,-48.924,1.0000,1.0000,1.0000,1.0000,0.7546,7,1
57201,328,394,377,410,400,156.321,-24.969,-56.000,1.0000,1.0000,1.0000,1.0000,0.7999,7,1
57254,328,398,382,415,406,188.855,-25.405,-81.115,1.0000,1.0000,1.0000,1.0000,0.8301,7,1
57303,331,401,385,420,411,201.969,-18.221,-84.427,1.0000,1.0000,1.0000,1.0000,0.8552,7,1
57350,333,404,392,427,416,248.473,1.168,-86.466,1.0000,1.0000,1.0000,1.0000,0.8804,7,1
57403,335,410,398,437,425,250.130,11.687,-86.275,1.0000,1.0000,1.0000,1.0000,0.9257,7,1
57450,337,415,403,444,434,180.649,7.435,-74.176,1.0000,1.0000,1.0000,1.0000,0.9710,7,1
57504,338,422,404,449,446,156.198,11.718,-53.710,1.0000,1.0000,1.0000,1.0000,1.0000,7,1
57551,338,426,404,451,453,106.962,6.725,-28.221,1.0000,1.0000,1.0000,1.0000,1.0000,7,1
57600,338,428,404,450,459,70.931,41.122,-32.046,1.0000,1.0000,1.0000,1.0000,1.0000,7,1
57653,337,429,404,450,461,41.878,33.603,-19.954,1.0000,1.0000,1.0000,1.0000,1.0000,7,1
57700,336,429,403,449,462,51.282,9.183,-8.573,1.0000,1.0000,1.0000,1.0000,1.0000,7,1
57753,335,430,402,448,462,34.053,19.359,-14.260,1.0000,1.0000,1.0000,1.0000,1.0000,7,1
57803,335,430,402,448,462,-2.748,-5.916,1.198,1.0000,1.0000,1.0000,1.0000,1.0000,7,1
57850,335,430,402,447,462,0.840,1.718,4.626,1.0000,1.0000,1.0000,1.0000,1.0000,7,1
57903,335,430,402,447,462,4.550,-11.588,6.832,1.0000,1.0000,1.0000,1.0000,1.0000,7,1
57950,335,431,402,446,462,5.023,0.832,4.634,1.0000,1.0000,1.0000,1.0000,1.0000,7,1
58003,335,431,401,446,463,0.275,-2.824,3.450,1.0000,1.0000,1.0000,1.0000,1.0000,7,1
58052,335,431,401,446,463,-7.855,1.786,3.901,1.0000,1.0000,1.0000,1.0000,1.0000,7,1
58100,335,431,401,446,463,4.137,2.435,-0.947,1.0000,1.0000,1.0000,1.0000,1.0000,7,1
58153,335,431,401,446,463,15.305,10.122,-1.992,1.0000,1.0000,1.0000,1.0000,1.0000,7,1
58200,335,431,401,446,463,7.221,-5.099,2.168,1.0000,1.0000,1.0000,1.0000,1.0000,7,1
58253,335,431,400,446,463,10.405,4.435,-1.069,1.0000,1.0000,1.0000,1.0000,1.0000,7,1
58302,335,431,400,445,463,6.718,0.252,2.641,1.0000,1.0000,1.0000,1.0000,1.0000,7,1
58349,335,431,401,445,462,4.122,3.420,1.870,1.0000,1.0000,1.0000,1.0000,1.0000,7,1
58403,335,431,401,445,463,3.046,1.252,0.687,1.0000,1.0000,1.0000,1.0000,1.0000,7,1
58452,335,430,401,445,463,0.969,4.466,0.878,1.0000,1.0000,1.0000,1.0000,1.0000,7,1
58503,335,431,401,445,463,4.153,-1.115,0.603,1.0000,1.0000,1.0000,1.0000,1.0000,7,1
58552,335,431,401,445,463,7.489,5.252,-0.824,1.0000,1.0000,1.0000,1.0000,1.0000,7,1
58599,335,431,401,444,463,7.237,1.382,2.420,1.0000,1.0000,1.0000,1.0000,1.0000,7,1
58653,336,431,401,444,463,0.542,-2.229,2.443,1.0000,1.0000,1.0000,1.0000,1.0000,7,1
58702,336,430,400,444,463,6.557,-2.160,1.084,1.0000,1.0000,1.0000,1.0000,1.0000,7,1
58753,336,428,400,443,462,13.947,-14.389,1.298,1.0000,1.0000,1.0000,1.0000,1.0000,7,1
58802,336,424,399,443,461,1.229,-6.275,2.107,1.0000,1.0000,1.0000,1.0000,1.0000,7,1
58851,337,421,397,442,459,3.168,0.573,6.870,1.0000,1.0000,1.0000,1.0000,1.0000,7,1
58902,337,418,397,440,457,-11.573,11.366,26.802,1.0000,1.0000,1.0000,1.0000,1.0000,7,1
58952,336,414,397,439,453,-75.313,-11.748,29.092,1.0000,1.0000,1.0000,1.0000,1.0000,7,1
# Gesture ID set to 2
65753,253,331,312,359,335,-4.863,1.550,-0.252,0.4879,0.5781,1.0000,0.8269,0.4728,2,1
65800,318,374,360,393,376,8.336,0.420,-1.924,0.9453,0.9301,1.0000,1.0000,0.6791,2,1
65853,323,378,365,396,380,-1.496,-0.321,-2.221,0.9805,0.9628,1.0000,1.0000,0.6992,2,1
65900,324,378,365,396,380,1.008,2.183,-1.702,0.9875,0.9628,1.0000,1.0000,0.6992,2,1
65954,325,379,365,396,380,-0.298,4.191,-2.573,0.9945,0.9710,1.0000,1.0000,0.6992,2,1
66003,325,379,365,396,380,7.870,1.855,-3.145,0.9945,0.9710,1.0000,1.0000,0.6992,2,1
66050,324,378,365,396,380,20.053,-5.641,-1.771,0.9875,0.9628,1.0000,1.0000,0.6992,2,1
66103,325,377,365,396,380,15.237,-14.298,-1.344,0.9945,0.9546,1.0000,1.0000,0.6992,2,1
66150,326,376,365,395,383,41.305,-65.351,-3.351,1.0000,0.9464,1.0000,1.0000,0.7143,2,1
66204,330,377,367,396,384,11.718,-101.962,6.092,1.0000,0.9546,1.0000,1.0000,0.7194,2,1
66253,332,377,367,397,381,-65.115,-146.893,29.939,1.0000,0.9546,1.0000,1.0000,0.7043,2,1
66300,334,378,367,397,379,-3.023,-121.107,23.282,1.0000,0.9628,1.0000,1.0000,0.6942,2,1
66353,336,379,367,400,378,-25.847,-109.595,20.366,1.0000,0.9710,1.0000,1.0000,0.6892,2,1
66400,339,385,367,404,380,1.122,-108.931,14.733,1.0000,1.0000,1.0000,1.0000,0.6992,2,1
66453,343,391,370,409,386,-11.374,-96.321,17.595,1.0000,1.0000,1.0000,1.0000,0.7294,2,1
66503,348,398,379,418,399,-8.008,-66.031,12.031,1.0000,1.0000,1.0000,1.0000,0.7948,2,1
66550,354,403,388,428,411,-0.931,-83.282,15.176,1.0000,1.0000,1.0000,1.0000,0.8552,2,1
66603,363,410,397,439,427,-9.389,-99.183,11.183,1.0000,1.0000,1.0000,1.0000,0.9357,2,1
66650,370,419,402,450,445,14.473,-29.366,12.405,1.0000,1.0000,1.0000,1.0000,1.0000,2,1
66703,374,425,402,454,461,14.832,-22.649,9.496,1.0000,1.0000,1.0000,1.0000,1.0000,2,1
66752,374,427,401,453,469,11.191,-8.008,5.221,1.0000,1.0000,1.0000,1.0000,1.0000,2,1
66799,374,428,401,455,470,24.725,17.550,1.221,1.0000,1.0000,1.0000,1.0000,1.0000,2,1
66853,373,428,401,455,471,16.046,10.542,2.084,1.0000,1.0000,1.0000,1.0000,1.0000,2,1
66902,372,430,400,454,472,16.832,17.672,3.809,1.0000,1.0000,1.0000,1.0000,1.0000,2,1
66953,371,430,400,453,472,8.389,10.733,4.718,1.0000,1.0000,1.0000,1.0000,1.0000,2,1
67002,371,429,400,452,471,6.641,4.885,4.427,1.0000,1.0000,1.0000,1.0000,1.0000,2,1
67049,370,430,400,452,470,15.847,5.939,-6.611,1.0000,1.0000,1.0000,1.0000,1.0000,2,1
67103,370,430,400,451,470,15.534,3.351,2.924,1.0000,1.0000,1.0000,1.0000,1.0000,2,1
67152,370,430,399,451,470,11.282,0.969,2.137,1.0000,1.0000,1.0000,1.0000,1.0000,2,1
67203,371,431,399,450,470,14.550,3.580,-8.198,1.0000,1.0000,1.0000,1.0000,1.0000,2,1
67252,371,431,399,449,469,10.382,0.450,-5.328,1.0000,1.0000,1.0000,1.0000,1.0000,2,1
67301,371,431,399,449,469,9.260,-1.924,-1.427,1.0000,1.0000,1.0000,1.0000,1.0000,2,1
67352,373,432,399,449,469,18.298,4.748,-4.313,1.0000,1.0000,1.0000,1.0000,1.0000,2,1
67402,373,432,398,448,468,12.748,6.023,-6.885,1.0000,1.0000,1.0000,1.0000,1.0000,2,1
67453,373,432,398,448,469,20.969,5.458,-9.130,1.0000,1.0000,1.0000,1.0000,1.0000,2,1
67502,372,432,398,448,469,7.405,5.504,-3.038,1.0000,1.0000,1.0000,1.0000,1.0000,2,1
67551,372,432,398,448,470,6.656,4.145,-1.145,1.0000,1.0000,1.0000,1.0000,1.0000,2,1
67602,372,432,398,448,470,10.824,1.160,-2.611,1.0000,1.0000,1.0000,1.0000,1.0000,2,1
67651,372,432,398,447,469,5.206,-1.305,1.603,1.0000,1.0000,1.0000,1.0000,1.0000,2,1
67703,373,432,398,448,470,17.031,2.450,-5.237,1.0000,1.0000,1.0000,1.0000,1.0000,2,1
67752,372,432,397,447,470,12.725,0.145,-4.427,1.0000,1.0000,1.0000,1.0000,1.0000,2,1
67801,372,431,397,448,470,3.992,3.115,-1.069,1.0000,1.0000,1.0000,1.0000,1.0000,2,1
67852,372,431,397,448,470,10.435,4.740,-3.840,1.0000,1.0000,1.0000,1.0000,1.0000,2,1
67901,371,431,397,447,470,5.427,3.863,-1.603,1.0000,1.0000,1.0000,1.0000,1.0000,2,1
67953,370,431,397,447,470,4.443,9.366,-5.038,1.0000,1.0000,1.0000,1.0000,1.0000,2,1
74252,214,321,269,346,307,2.947,-11.305,-3.687,0.2135,0.4963,0.8171,0.7127,0.3319,2,1
74301,308,370,340,383,356,16.397,-12.344,-1.893,0.8749,0.8973,1.0000,1.0000,0.5785,2,1
74353,316,375,346,386,359,-0.695,-16.214,-7.397,0.9312,0.9382,1.0000,1.0000,0.5936,2,1
74402,317,375,347,386,359,11.542,-56.183,-1.511,0.9383,0.9382,1.0000,1.0000,0.5936,2,1
74451,318,374,347,386,359,11.115,-74.969,-1.710,0.9453,0.9301,1.0000,1.0000,0.5936,2,1
74502,318,374,347,386,357,-8.878,-119.565,-6.107,0.9453,0.9301,1.0000,1.0000,0.5835,2,1
74551,318,374,346,386,355,13.542,-130.588,11.557,0.9453,0.9301,1.0000,1.0000,0.5734,2,1
74600,319,374,345,385,352,-29.275,-116.886,15.733,0.9523,0.9301,1.0000,1.0000,0.5583,2,1
74652,320,373,345,385,349,-11.458,-82.221,4.130,0.9594,0.9219,1.0000,1.0000,0.5432,2,1
74701,320,373,345,384,347,4.870,-75.076,3.695,0.9594,0.9219,1.0000,1.0000,0.5332,2,1
74754,321,373,345,384,345,-1.313,-61.504,10.634,0.9664,0.9219,1.0000,1.0000,0.5231,2,1
74801,321,372,344,382,343,0.656,-35.725,1.710,0.9664,0.9137,1.0000,1.0000,0.5130,2,1
74850,322,372,344,381,342,10.267,-67.710,6.260,0.9734,0.9137,1.0000,1.0000,0.5080,2,1
74903,322,375,343,383,343,15.985,-69.489,-4.763,0.9734,0.9382,1.0000,1.0000,0.5130,2,1
74951,324,381,349,390,348,8.084,-48.580,-14.046,0.9875,0.9874,1.0000,1.0000,0.5382,2,1
75004,327,389,361,404,366,46.733,-68.191,6.809,1.0000,1.0000,1.0000,1.0000,0.6288,2,1
75051,329,394,377,415,380,8.145,-26.588,-10.137,1.0000,1.0000,1.0000,1.0000,0.6992,2,1
75100,332,401,393,428,395,26.244,-68.603,-5.420,1.0000,1.0000,1.0000,1.0000,0.7747,2,1
75153,337,412,402,441,413,44.992,-22.626,-4.779,1.0000,1.0000,1.0000,1.0000,0.8653,2,1
75200,342,422,405,449,434,16.008,-25.855,-21.038,1.0000,1.0000,1.0000,1.0000,0.9710,2,1
75254,345,430,401,451,451,21.870,-4.565,-7.664,1.0000,1.0000,1.0000,1.0000,1.0000,2,1
75301,347,434,398,452,459,27.809,25.023,-3.412,1.0000,1.0000,1.0000,1.0000,1.0000,2,1
75350,347,435,396,450,461,13.481,10.962,-17.458,1.0000,1.0000,1.0000,1.0000,1.0000,2,1
75403,348,435,394,449,462,15.992,15.237,2.870,1.0000,1.0000,1.0000,1.0000,1.0000,2,1
75450,348,435,393,447,463,9.618,19.603,-6.344,1.0000,1.0000,1.0000,1.0000,1.0000,2,1
75503,349,436,391,445,465,15.519,8.374,-3.008,1.0000,1.0000,1.0000,1.0000,1.0000,2,1
75553,349,437,391,444,464,6.985,14.160,-3.855,1.0000,1.0000,1.0000,1.0000,1.0000,2,1
75600,350,437,390,443,465,9.702,8.901,-6.344,1.0000,1.0000,1.0000,1.0000,1.0000,2,1
75653,350,437,389,442,465,7.702,21.924,-0.038,1.0000,1.0000,1.0000,1.0000,1.0000,2,1
75700,350,438,389,441,466,9.679,24.092,-11.588,1.0000,1.0000,1.0000,1.0000,1.0000,2,1
75753,350,438,388,440,466,14.527,21.603,-3.893,1.0000,1.0000,1.0000,1.0000,1.0000,2,1
75803,351,438,388,439,466,13.863,25.878,-13.962,1.0000,1.0000,1.0000,1.0000,1.0000,2,1
75850,351,438,388,438,466,19.832,6.924,-3.748,1.0000,1.0000,1.0000,1.0000,1.0000,2,1
75903,351,438,388,438,466,12.733,8.908,-3.550,1.0000,1.0000,1.0000,1.0000,1.0000,2,1
75950,351,438,387,437,466,4.534,3.275,0.053,1.0000,1.0000,1.0000,1.0000,1.0000,2,1
76003,351,437,387,437,466,9.672,3.824,-2.641,1.0000,1.0000,1.0000,1.0000,1.0000,2,1
76050,351,437,387,437,466,17.130,6.061,-7.214,1.0000,1.0000,1.0000,1.0000,1.0000,2,1
76104,351,437,387,437,465,2.588,-0.321,-3.336,1.0000,1.0000,1.0000,1.0000,1.0000,2,1
76153,351,437,387,437,465,14.641,6.786,-9.084,1.0000,1.0000,1.0000,1.0000,1.0000,2,1
76200,351,437,388,436,465,11.824,-0.588,-3.198,1.0000,1.0000,1.0000,1.0000,1.0000,2,1
76253,351,437,387,437,464,5.710,-1.061,-0.679,1.0000,1.0000,1.0000,1.0000,1.0000,2,1
76300,351,436,387,436,464,9.641,-1.740,-3.412,1.0000,1.0000,1.0000,1.0000,1.0000,2,1
76353,351,435,387,437,463,7.702,-4.351,-1.863,1.0000,1.0000,1.0000,1.0000,1.0000,2,1
76353,351,435,387,437,463,7.702,-4.351,-1.863,1.0000,1.0000,1.0000,1.0000,1.0000,2,1
76401,351,435,387,436,463,15.092,0.427,-8.015,1.0000,1.0000,1.0000,1.0000,1.0000,2,1
76450,351,434,387,436,463,9.748,-1.244,0.855,1.0000,1.0000,1.0000,1.0000,1.0000,2,1
# Gesture ID set to 5
85752,211,283,253,312,252,6.718,-0.382,-0.504,0.1924,0.1853,0.6347,0.4142,0.0551,5,1
85801,311,355,336,373,336,9.107,0.137,-3.779,0.8960,0.7746,1.0000,0.9498,0.4778,5,1
85854,320,361,344,378,343,4.176,-1.405,0.641,0.9594,0.8237,1.0000,0.9937,0.5130,5,1
85901,320,361,345,378,344,18.740,-2.107,-3.351,0.9594,0.8237,1.0000,0.9937,0.5181,5,1
85950,320,362,344,378,344,8.985,-1.641,-0.092,0.9594,0.8318,1.0000,0.9937,0.5181,5,1
86002,320,362,344,379,345,21.687,-4.023,-3.618,0.9594,0.8318,1.0000,1.0000,0.5231,5,1
86051,320,362,347,381,347,42.763,1.511,-5.046,0.9594,0.8318,1.0000,1.0000,0.5332,5,1
86104,321,363,352,385,349,51.206,0.824,-9.481,0.9664,0.8400,1.0000,1.0000,0.5432,5,1
86151,321,363,359,389,351,49.420,9.443,-20.847,0.9664,0.8400,1.0000,1.0000,0.5533,5,1
86200,321,363,368,395,355,84.145,23.809,-55.290,0.9664,0.8400,1.0000,1.0000,0.5734,5,1
86253,322,361,378,403,361,94.580,70.038,-84.191,0.9734,0.8237,1.0000,1.0000,0.6036,5,1
86301,324,358,388,414,371,55.924,62.214,-96.542,0.9875,0.7991,1.0000,1.0000,0.6539,5,1
86354,327,357,395,426,389,104.550,68.481,-138.779,1.0000,0.7909,1.0000,1.0000,0.7445,5,1
86401,329,356,400,433,409,50.351,80.527,-117.840,1.0000,0.7827,1.0000,1.0000,0.8452,5,1
86450,330,356,402,439,427,6.802,42.870,-117.145,1.0000,0.7827,1.0000,1.0000,0.9357,5,1
86503,331,357,402,441,439,35.053,67.603,-76.565,1.0000,0.7909,1.0000,1.0000,0.9961,5,1
86550,330,358,401,442,443,12.176,27.557,-70.779,1.0000,0.7991,1.0000,1.0000,1.0000,5,1
86604,330,358,401,441,445,-9.504,37.580,-39.863,1.0000,0.7991,1.0000,1.0000,1.0000,5,1
86651,330,355,400,440,446,93.534,37.122,-120.046,1.0000,0.7746,1.0000,1.0000,1.0000,5,1
86700,330,352,399,438,447,6.389,7.962,-24.641,1.0000,0.7500,1.0000,1.0000,1.0000,5,1
86753,330,351,399,437,447,14.389,11.229,-23.336,1.0000,0.7418,1.0000,1.0000,1.0000,5,1
86800,330,350,398,437,447,-3.977,-4.908,-6.992,1.0000,0.7336,1.0000,1.0000,1.0000,5,1
86854,331,350,398,436,447,12.511,12.328,-0.725,1.0000,0.7336,1.0000,1.0000,1.0000,5,1
86901,331,349,398,435,447,2.511,-9.214,7.580,1.0000,0.7254,1.0000,1.0000,1.0000,5,1
86950,330,349,397,435,446,14.763,4.328,4.031,1.0000,0.7254,1.0000,1.0000,1.0000,5,1
87003,331,349,397,434,446,0.794,-8.588,10.046,1.0000,0.7254,1.0000,1.0000,1.0000,5,1
87050,330,349,397,434,446,18.786,6.107,6.115,1.0000,0.7254,1.0000,1.0000,1.0000,5,1
87103,330,349,397,434,446,8.679,-11.588,8.160,1.0000,0.7254,1.0000,1.0000,1.0000,5,1
87153,330,349,397,433,445,-0.229,-1.481,3.534,1.0000,0.7254,1.0000,1.0000,1.0000,5,1
87200,331,349,396,433,445,11.168,1.542,-2.947,1.0000,0.7254,1.0000,1.0000,1.0000,5,1
87253,330,349,397,433,445,8.557,-1.076,-3.198,1.0000,0.7254,1.0000,1.0000,1.0000,5,1
87300,331,349,397,432,444,5.038,2.687,-2.244,1.0000,0.7254,1.0000,1.0000,1.0000,5,1
87353,331,349,396,432,444,6.931,2.595,0.015,1.0000,0.7254,1.0000,1.0000,1.0000,5,1
87402,330,349,396,432,443,9.954,2.198,-1.198,1.0000,0.7254,1.0000,1.0000,1.0000,5,1
87449,330,349,396,432,443,7.504,2.267,1.069,1.0000,0.7254,1.0000,1.0000,1.0000,5,1
87503,330,349,396,432,443,5.267,-1.695,2.611,1.0000,0.7254,1.0000,1.0000,1.0000,5,1
87550,331,350,396,432,443,5.771,3.191,2.977,1.0000,0.7336,1.0000,1.0000,1.0000,5,1
87603,331,350,396,432,443,13.443,2.015,0.214,1.0000,0.7336,1.0000,1.0000,1.0000,5,1
87652,331,350,396,432,442,3.336,3.794,1.847,1.0000,0.7336,1.0000,1.0000,1.0000,5,1
87699,331,350,396,432,442,2.756,1.954,3.649,1.0000,0.7336,1.0000,1.0000,1.0000,5,1
87753,331,350,395,431,442,-4.779,-7.588,7.221,1.0000,0.7336,1.0000,1.0000,1.0000,5,1
87802,331,349,395,431,441,8.038,6.977,2.504,1.0000,0.7254,1.0000,1.0000,1.0000,5,1
87853,331,349,394,431,440,4.542,2.733,-0.565,1.0000,0.7254,1.0000,1.0000,1.0000,5,1
87902,331,349,394,430,439,1.672,8.221,3.061,1.0000,0.7254,1.0000,1.0000,0.9961,5,1
89352,269,316,330,354,308,4.336,-12.855,-0.382,0.6005,0.4554,1.0000,0.7829,0.3369,5,1
89401,312,347,359,378,343,-7.885,-13.252,12.183,0.9031,0.7091,1.0000,0.9937,0.5130,5,1
89454,316,349,362,380,346,3.580,-8.122,-1.252,0.9312,0.7254,1.0000,1.0000,0.5281,5,1
89502,316,348,362,380,346,2.214,-9.664,-6.634,0.9312,0.7173,1.0000,1.0000,0.5281,5,1
89551,316,348,363,379,346,4.305,-6.756,1.214,0.9312,0.7173,1.0000,1.0000,0.5281,5,1
89604,316,348,363,380,346,6.008,-5.267,-0.176,0.9312,0.7173,1.0000,1.0000,0.5281,5,1
89651,316,347,363,380,346,2.977,-0.550,4.031,0.9312,0.7091,1.0000,1.0000,0.5281,5,1
89700,316,347,362,380,346,3.847,3.313,-0.191,0.9312,0.7091,1.0000,1.0000,0.5281,5,1
89751,316,347,362,379,346,-3.802,4.618,3.389,0.9312,0.7091,1.0000,1.0000,0.5281,5,1
89801,316,347,363,381,346,-1.901,7.977,2.962,0.9312,0.7091,1.0000,1.0000,0.5281,5,1
89854,316,349,368,386,349,-20.794,23.000,-7.496,0.9312,0.7254,1.0000,1.0000,0.5432,5,1
89903,317,351,379,397,364,3.038,59.092,-21.489,0.9383,0.7418,1.0000,1.0000,0.6187,5,1
89950,318,358,387,412,391,3.794,44.366,-11.344,0.9453,0.7991,1.0000,1.0000,0.7546,5,1
90003,321,361,393,428,417,-0.237,123.527,-29.160,0.9664,0.8237,1.0000,1.0000,0.8854,5,1
90050,326,360,394,435,437,-8.153,37.855,-9.244,1.0000,0.8155,1.0000,1.0000,0.9861,5,1
90104,330,360,394,434,455,-60.336,151.145,-26.794,1.0000,0.8155,1.0000,1.0000,1.0000,5,1
90153,331,352,394,432,458,-39.107,114.229,10.916,1.0000,0.7500,1.0000,1.0000,1.0000,5,1
90200,332,348,393,432,459,-26.893,105.076,-2.969,1.0000,0.7173,1.0000,1.0000,1.0000,5,1
90253,333,344,392,431,460,-13.023,96.901,2.542,1.0000,0.6845,1.0000,1.0000,1.0000,5,1
90300,334,342,392,431,461,-10.229,28.122,9.618,1.0000,0.6682,1.0000,1.0000,1.0000,5,1
90354,334,342,391,430,460,-12.389,-7.672,0.061,1.0000,0.6682,1.0000,1.0000,1.0000,5,1
90403,333,340,390,429,458,21.221,8.672,0.275,1.0000,0.6518,1.0000,1.0000,1.0000,5,1
90450,334,340,390,428,458,-2.931,-2.053,-1.840,1.0000,0.6518,1.0000,1.0000,1.0000,5,1
90503,334,340,389,428,458,16.809,5.481,2.023,1.0000,0.6518,1.0000,1.0000,1.0000,5,1
90552,334,340,389,428,458,13.282,-5.550,-0.084,1.0000,0.6518,1.0000,1.0000,1.0000,5,1
90599,334,340,388,427,458,18.267,3.145,0.397,1.0000,0.6518,1.0000,1.0000,1.0000,5,1
90653,333,340,388,427,458,2.977,-4.046,-4.641,1.0000,0.6518,1.0000,1.0000,1.0000,5,1
90702,332,341,388,427,458,15.031,5.992,-1.382,1.0000,0.6600,1.0000,1.0000,1.0000,5,1
90753,332,340,387,427,457,3.107,-3.473,-0.290,1.0000,0.6518,1.0000,1.0000,1.0000,5,1
90802,332,340,388,426,457,-2.313,-3.870,-2.634,1.0000,0.6518,1.0000,1.0000,1.0000,5,1
90849,332,340,388,426,457,20.206,2.229,0.771,1.0000,0.6518,1.0000,1.0000,1.0000,5,1
90902,332,341,387,426,457,-2.290,-2.634,-4.595,1.0000,0.6600,1.0000,1.0000,1.0000,5,1
90952,332,340,387,426,457,19.977,5.015,4.313,1.0000,0.6518,1.0000,1.0000,1.0000,5,1
91003,333,341,387,425,457,5.092,-10.038,-4.611,1.0000,0.6600,1.0000,1.0000,1.0000,5,1
91052,332,341,387,425,457,9.916,-2.015,-0.069,1.0000,0.6600,1.0000,1.0000,1.0000,5,1
91099,333,341,387,424,457,3.611,-6.634,-3.458,1.0000,0.6600,1.0000,1.0000,1.0000,5,1
91152,333,342,386,424,457,11.145,-17.336,-0.382,1.0000,0.6682,1.0000,1.0000,1.0000,5,1
# Gesture ID set to 6
98451,160,273,221,297,249,7.550,2.382,0.496,0.0000,0.1034,0.2698,0.2825,0.0400,6,1
98500,313,370,343,382,358,2.840,4.756,0.863,0.9101,0.8973,1.0000,1.0000,0.5885,6,1
98552,326,378,354,389,367,3.061,3.763,-0.763,1.0000,0.9628,1.0000,1.0000,0.6338,6,1
98601,327,379,355,390,368,5.130,4.870,0.466,1.0000,0.9710,1.0000,1.0000,0.6388,6,1
98652,328,378,355,390,368,1.771,1.710,0.000,1.0000,0.9628,1.0000,1.0000,0.6388,6,1
98701,328,378,355,390,369,1.061,-3.267,1.641,1.0000,0.9628,1.0000,1.0000,0.6439,6,1
98750,328,378,355,393,370,-16.901,-14.786,7.511,1.0000,0.9628,1.0000,1.0000,0.6489,6,1
98802,327,377,357,397,373,-98.527,-76.756,44.153,1.0000,0.9546,1.0000,1.0000,0.6640,6,1
98851,327,376,358,408,380,-163.656,-61.489,29.855,1.0000,0.9464,1.0000,1.0000,0.6992,6,1
98902,326,369,352,425,389,-173.939,-68.031,53.748,1.0000,0.8891,1.0000,1.0000,0.7445,6,1
98951,325,359,340,435,399,-33.710,-13.962,7.656,0.9945,0.8073,1.0000,1.0000,0.7948,6,1
99004,328,349,334,443,406,-21.626,5.000,-16.153,1.0000,0.7254,1.0000,1.0000,0.8301,6,1
99051,329,341,335,444,408,-15.244,9.756,-0.489,1.0000,0.6600,1.0000,1.0000,0.8401,6,1
99101,330,335,339,444,407,-7.412,17.725,-11.702,1.0000,0.6109,1.0000,1.0000,0.8351,6,1
99152,331,331,343,443,406,2.969,32.076,-7.527,1.0000,0.5781,1.0000,1.0000,0.8301,6,1
99201,331,328,346,443,404,4.405,5.374,-4.458,1.0000,0.5536,1.0000,1.0000,0.8200,6,1
99254,331,327,348,442,403,5.664,9.061,2.260,1.0000,0.5454,1.0000,1.0000,0.8150,6,1
99301,331,326,350,440,400,3.947,13.992,-3.534,1.0000,0.5372,1.0000,1.0000,0.7999,6,1
99350,331,326,350,440,399,-2.710,25.397,-4.412,1.0000,0.5372,1.0000,1.0000,0.7948,6,1
99404,331,325,351,439,398,3.427,10.977,-5.947,1.0000,0.5290,1.0000,1.0000,0.7898,6,1
99451,330,325,350,439,398,4.756,3.679,-5.656,1.0000,0.5290,1.0000,1.0000,0.7898,6,1
99504,330,325,350,438,397,14.107,5.435,-2.573,1.0000,0.5290,1.0000,1.0000,0.7848,6,1
99553,330,325,349,438,397,-4.076,-0.542,-0.733,1.0000,0.5290,1.0000,1.0000,0.7848,6,1
99600,330,325,349,438,397,17.740,12.863,-6.450,1.0000,0.5290,1.0000,1.0000,0.7848,6,1
99654,330,326,349,438,397,2.130,-5.580,-1.511,1.0000,0.5372,1.0000,1.0000,0.7848,6,1
99701,330,326,349,437,397,4.878,6.099,-2.099,1.0000,0.5372,1.0000,1.0000,0.7848,6,1
99754,330,326,348,438,397,6.473,0.695,-3.672,1.0000,0.5372,1.0000,1.0000,0.7848,6,1
99801,330,326,348,438,397,14.916,6.351,-5.756,1.0000,0.5372,1.0000,1.0000,0.7848,6,1
99850,330,326,348,436,397,10.153,2.267,-1.496,1.0000,0.5372,1.0000,1.0000,0.7848,6,1
99903,330,326,347,436,397,-0.534,1.359,-2.000,1.0000,0.5372,1.0000,1.0000,0.7848,6,1
99950,330,325,348,435,396,11.679,6.504,-2.313,1.0000,0.5290,1.0000,1.0000,0.7797,6,1
100004,330,325,347,436,397,4.008,1.534,-3.840,1.0000,0.5290,1.0000,1.0000,0.7848,6,1
100051,329,326,347,436,397,12.153,4.962,-2.954,1.0000,0.5372,1.0000,1.0000,0.7848,6,1
100100,329,326,347,436,397,1.473,-1.160,0.634,1.0000,0.5372,1.0000,1.0000,0.7848,6,1
100153,330,326,347,436,397,10.718,5.023,-3.939,1.0000,0.5372,1.0000,1.0000,0.7848,6,1
100200,329,326,346,435,396,14.313,0.931,-3.779,1.0000,0.5372,1.0000,1.0000,0.7797,6,1
100254,329,325,346,435,397,18.908,2.450,-5.580,1.0000,0.5290,1.0000,1.0000,0.7848,6,1
100303,329,325,345,435,396,24.802,-12.206,-3.206,1.0000,0.5290,1.0000,1.0000,0.7797,6,1
100350,329,325,342,434,396,29.290,-4.405,-3.573,1.0000,0.5290,1.0000,1.0000,0.7797,6,1
# Gesture ID set to 88
# Gesture ID set to 8
118649,166,295,173,314,287,5.748,2.359,-3.038,0.0000,0.2835,0.0000,0.4317,0.2312,8,1
118702,303,367,307,377,364,6.061,3.282,-1.427,0.8397,0.8728,1.0000,0.9849,0.6187,8,1
118751,312,371,316,381,368,-0.756,4.450,-1.183,0.9031,0.9055,1.0000,1.0000,0.6388,8,1
118804,313,372,317,381,369,1.748,-0.229,-3.511,0.9101,0.9137,1.0000,1.0000,0.6439,8,1
118851,313,371,317,381,368,0.962,4.237,0.412,0.9101,0.9055,1.0000,1.0000,0.6388,8,1
118901,313,371,317,382,368,5.924,3.313,-0.992,0.9101,0.9055,1.0000,1.0000,0.6388,8,1
118954,315,371,317,383,367,-8.817,4.328,0.733,0.9242,0.9055,1.0000,1.0000,0.6338,8,1
119001,315,371,318,383,366,-3.962,6.382,8.519,0.9242,0.9055,1.0000,1.0000,0.6288,8,1
119050,315,371,322,384,365,-27.427,5.832,20.687,0.9242,0.9055,1.0000,1.0000,0.6238,8,1
119103,317,373,331,387,364,-36.550,33.695,38.802,0.9383,0.9219,1.0000,1.0000,0.6187,8,1
119150,317,375,338,389,362,-174.420,87.389,70.466,0.9383,0.9382,1.0000,1.0000,0.6087,8,1
119204,315,375,348,394,357,-250.137,83.053,128.313,0.9242,0.9382,1.0000,1.0000,0.5835,8,1
119251,314,374,356,397,360,-150.557,89.206,127.389,0.9171,0.9301,1.0000,1.0000,0.5986,8,1
119300,312,371,362,400,367,-114.405,76.229,122.550,0.9031,0.9055,1.0000,1.0000,0.6338,8,1
119353,312,369,369,403,375,-104.504,93.794,115.962,0.9031,0.8891,1.0000,1.0000,0.6741,8,1
119400,312,368,374,405,378,-109.786,50.962,104.527,0.9031,0.8810,1.0000,1.0000,0.6892,8,1
119454,313,370,376,408,382,-70.565,6.565,56.802,0.9101,0.8973,1.0000,1.0000,0.7093,8,1
119503,313,374,379,413,388,-19.298,0.954,37.695,0.9101,0.9301,1.0000,1.0000,0.7395,8,1
119550,313,382,381,417,396,4.824,-0.374,18.221,0.9101,0.9955,1.0000,1.0000,0.7797,8,1
119603,315,389,382,421,403,16.802,-7.931,22.473,0.9242,1.0000,1.0000,1.0000,0.8150,8,1
119652,316,394,381,422,407,8.183,10.389,14.542,0.9312,1.0000,1.0000,1.0000,0.8351,8,1
119699,317,396,381,423,409,-16.679,0.817,27.977,0.9383,1.0000,1.0000,1.0000,0.8452,8,1
119753,317,397,381,424,409,10.733,25.908,21.794,0.9383,1.0000,1.0000,1.0000,0.8452,8,1
119800,318,398,381,424,409,-0.595,-0.321,17.718,0.9453,1.0000,1.0000,1.0000,0.8452,8,1
119853,318,399,381,424,410,-15.260,1.870,16.779,0.9453,1.0000,1.0000,1.0000,0.8502,8,1
119902,318,398,381,424,410,-5.664,-0.244,5.076,0.9453,1.0000,1.0000,1.0000,0.8502,8,1
119949,317,397,381,424,410,0.008,7.908,-0.565,0.9383,1.0000,1.0000,1.0000,0.8502,8,1
120002,317,397,380,424,410,-6.489,5.099,6.519,0.9383,1.0000,1.0000,1.0000,0.8502,8,1
120050,317,396,380,424,410,3.542,-1.893,15.664,0.9383,1.0000,1.0000,1.0000,0.8502,8,1
120103,315,395,380,424,409,-4.802,15.000,17.908,0.9242,1.0000,1.0000,1.0000,0.8452,8,1
120152,315,395,380,424,409,-10.588,14.481,11.855,0.9242,1.0000,1.0000,1.0000,0.8452,8,1
120199,315,394,380,424,410,3.634,9.901,13.344,0.9242,1.0000,1.0000,1.0000,0.8502,8,1
120252,314,395,380,424,410,1.229,9.313,9.000,0.9171,1.0000,1.0000,1.0000,0.8502,8,1
120301,314,395,380,424,410,-11.557,4.603,7.756,0.9171,1.0000,1.0000,1.0000,0.8502,8,1
120353,314,395,380,424,410,14.656,-1.740,9.481,0.9171,1.0000,1.0000,1.0000,0.8502,8,1
120402,314,394,380,424,410,12.115,2.053,0.328,0.9171,1.0000,1.0000,1.0000,0.8502,8,1
120449,314,394,380,423,410,9.061,6.893,-0.550,0.9171,1.0000,1.0000,1.0000,0.8502,8,1
120502,314,395,380,423,410,-1.733,-7.992,3.305,0.9171,1.0000,1.0000,1.0000,0.8502,8,1
120551,314,395,380,423,410,0.725,1.687,0.656,0.9171,1.0000,1.0000,1.0000,0.8502,8,1
120603,313,395,380,422,409,0.099,-0.389,3.130,0.9101,1.0000,1.0000,1.0000,0.8452,8,1
120652,314,394,380,423,409,3.855,11.931,-0.771,0.9171,1.0000,1.0000,1.0000,0.8452,8,1
120699,313,394,380,423,409,6.511,6.725,-1.366,0.9101,1.0000,1.0000,1.0000,0.8452,8,1
120752,313,394,380,423,409,3.366,-1.481,0.061,0.9101,1.0000,1.0000,1.0000,0.8452,8,1
120801,313,395,380,423,409,14.779,1.267,0.626,0.9101,1.0000,1.0000,1.0000,0.8452,8,1
120852,313,395,379,423,409,6.359,3.053,1.924,0.9101,1.0000,1.0000,1.0000,0.8452,8,1
120902,313,396,380,423,410,2.664,-2.305,0.679,0.9101,1.0000,1.0000,1.0000,0.8502,8,1
120953,313,396,380,423,410,11.412,9.573,-2.107,0.9101,1.0000,1.0000,1.0000,0.8502,8,1
121002,314,397,380,423,410,14.649,2.206,-2.092,0.9171,1.0000,1.0000,1.0000,0.8502,8,1
121051,313,397,380,423,410,24.031,15.115,-3.595,0.9101,1.0000,1.0000,1.0000,0.8502,8,1
121102,313,397,380,423,410,16.252,3.931,-1.038,0.9101,1.0000,1.0000,1.0000,0.8502,8,1
121151,313,397,380,423,409,14.756,13.527,-3.679,0.9101,1.0000,1.0000,1.0000,0.8452,8,1
121201,313,397,380,423,409,12.870,-1.176,-0.427,0.9101,1.0000,1.0000,1.0000,0.8452,8,1
121252,313,397,379,423,409,11.618,-6.824,-5.153,0.9101,1.0000,1.0000,1.0000,0.8452,8,1
121301,313,396,379,422,409,32.336,-4.481,-14.099,0.9101,1.0000,1.0000,1.0000,0.8452,8,1
121354,313,394,379,422,408,24.824,-28.290,-12.198,0.9101,1.0000,1.0000,1.0000,0.8401,8,1
121401,312,392,377,419,406,71.412,-43.145,-43.809,0.9031,1.0000,1.0000,1.0000,0.8301,8,1
121450,311,390,376,417,405,51.466,-35.145,-58.771,0.8960,1.0000,1.0000,1.0000,0.8250,8,1
121502,308,388,375,416,403,91.740,-33.748,-80.886,0.8749,1.0000,1.0000,1.0000,0.8150,8,1
124103,145,248,208,291,255,5.718,1.733,0.229,0.0000,0.0000,0.1216,0.2298,0.0702,8,1
124152,291,344,325,365,347,6.229,1.206,0.740,0.7553,0.6845,1.0000,0.8795,0.5332,8,1
124203,307,353,335,372,356,2.290,2.595,4.893,0.8679,0.7582,1.0000,0.9410,0.5785,8,1
124252,308,353,336,372,356,2.122,2.198,2.634,0.8749,0.7582,1.0000,0.9410,0.5785,8,1
124301,308,353,336,373,356,3.870,1.527,1.405,0.8749,0.7582,1.0000,0.9498,0.5785,8,1
124352,308,354,338,374,356,-16.496,12.534,11.267,0.8749,0.7664,1.0000,0.9586,0.5785,8,1
124402,308,354,340,375,355,-41.588,13.489,24.550,0.8749,0.7664,1.0000,0.9673,0.5734,8,1
124451,308,356,346,377,357,-72.092,13.947,27.718,0.8749,0.7827,1.0000,0.9849,0.5835,8,1
124502,308,359,354,385,364,-147.260,37.214,75.519,0.8749,0.8073,1.0000,1.0000,0.6187,8,1
124551,307,363,362,394,375,-128.511,88.763,121.107,0.8679,0.8400,1.0000,1.0000,0.6741,8,1
124602,306,370,369,403,387,-235.679,73.031,131.344,0.8609,0.8973,1.0000,1.0000,0.7345,8,1
124651,308,378,375,411,396,-189.168,69.786,131.840,0.8749,0.9628,1.0000,1.0000,0.7797,8,1
124701,312,387,379,418,403,-168.695,110.733,124.168,0.9031,1.0000,1.0000,1.0000,0.8150,8,1
124752,315,394,381,423,409,-99.664,32.466,131.809,0.9242,1.0000,1.0000,1.0000,0.8452,8,1
124801,316,401,381,427,417,-95.206,57.153,112.153,0.9312,1.0000,1.0000,1.0000,0.8854,8,1
124854,316,403,380,428,425,-82.504,23.763,118.924,0.9312,1.0000,1.0000,1.0000,0.9257,8,1
124901,316,403,380,428,429,-62.198,38.779,87.954,0.9312,1.0000,1.0000,1.0000,0.9458,8,1
124950,316,403,380,428,431,-36.305,1.191,82.534,0.9312,1.0000,1.0000,1.0000,0.9559,8,1
125002,315,402,379,428,430,-45.374,6.771,45.931,0.9242,1.0000,1.0000,1.0000,0.9508,8,1
125051,314,401,379,428,429,-37.328,7.298,64.435,0.9171,1.0000,1.0000,1.0000,0.9458,8,1
125104,314,399,378,427,426,-24.847,11.496,58.389,0.9171,1.0000,1.0000,1.0000,0.9307,8,1
125151,312,399,378,427,425,-24.840,6.321,46.664,0.9031,1.0000,1.0000,1.0000,0.9257,8,1
125200,311,398,378,427,424,7.046,12.450,28.336,0.8960,1.0000,1.0000,1.0000,0.9206,8,1
125254,310,398,378,427,424,-6.450,7.908,18.244,0.8890,1.0000,1.0000,1.0000,0.9206,8,1
125301,310,398,378,427,423,-8.176,7.206,24.168,0.8890,1.0000,1.0000,1.0000,0.9156,8,1
125354,308,397,378,427,423,4.260,-6.863,31.328,0.8749,1.0000,1.0000,1.0000,0.9156,8,1
125403,307,399,378,428,424,-7.718,12.260,21.794,0.8679,1.0000,1.0000,1.0000,0.9206,8,1
125450,307,400,378,428,426,-7.832,11.664,6.756,0.8679,1.0000,1.0000,1.0000,0.9307,8,1
125503,306,399,378,428,427,-23.885,10.053,7.687,0.8609,1.0000,1.0000,1.0000,0.9357,8,1
125553,306,399,378,428,425,-16.466,20.847,0.840,0.8609,1.0000,1.0000,1.0000,0.9257,8,1
125600,306,398,379,427,424,-9.656,21.321,7.473,0.8609,1.0000,1.0000,1.0000,0.9206,8,1
125653,305,398,379,427,423,-11.160,11.405,1.458,0.8538,1.0000,1.0000,1.0000,0.9156,8,1
125702,305,397,378,427,423,-2.038,-7.420,2.679,0.8538,1.0000,1.0000,1.0000,0.9156,8,1
125753,305,396,378,427,422,4.496,5.053,6.191,0.8538,1.0000,1.0000,1.0000,0.9106,8,1
125802,305,396,378,427,422,-0.504,2.153,1.061,0.8538,1.0000,1.0000,1.0000,0.9106,8,1
125849,304,396,378,426,422,7.718,6.489,-4.626,0.8468,1.0000,1.0000,1.0000,0.9106,8,1
125903,304,395,378,426,423,8.931,1.351,-1.809,0.8468,1.0000,1.0000,1.0000,0.9156,8,1
125952,304,396,378,425,422,2.267,1.817,-2.939,0.8468,1.0000,1.0000,1.0000,0.9106,8,1
125999,304,395,377,425,422,9.840,-2.160,1.489,0.8468,1.0000,1.0000,1.0000,0.9106,8,1
126052,304,395,378,425,423,-1.557,-3.916,4.794,0.8468,1.0000,1.0000,1.0000,0.9156,8,1
126101,304,395,377,425,423,-3.962,-4.443,1.290,0.8468,1.0000,1.0000,1.0000,0.9156,8,1
126153,304,395,377,425,423,3.221,2.511,-0.252,0.8468,1.0000,1.0000,1.0000,0.9156,8,1
126202,304,394,378,425,423,-2.626,1.573,-1.901,0.8468,1.0000,1.0000,1.0000,0.9156,8,1
126251,304,395,377,425,423,12.305,1.809,-0.198,0.8468,1.0000,1.0000,1.0000,0.9156,8,1
126302,304,395,378,425,423,5.191,7.115,-2.511,0.8468,1.0000,1.0000,1.0000,0.9156,8,1
126351,304,395,377,424,423,-2.733,-3.267,3.435,0.8468,1.0000,1.0000,1.0000,0.9156,8,1
126404,304,395,378,424,422,8.924,6.412,-0.534,0.8468,1.0000,1.0000,1.0000,0.9106,8,1
126452,304,394,377,424,423,1.924,1.107,2.550,0.8468,1.0000,1.0000,1.0000,0.9156,8,1
126501,304,394,377,424,423,-6.908,0.336,0.115,0.8468,1.0000,1.0000,1.0000,0.9156,8,1
126552,304,394,377,424,423,23.664,0.847,-2.931,0.8468,1.0000,1.0000,1.0000,0.9156,8,1
126601,304,394,377,424,423,-13.580,-4.374,1.565,0.8468,1.0000,1.0000,1.0000,0.9156,8,1
126650,304,394,377,424,422,-3.916,-7.038,0.015,0.8468,1.0000,1.0000,1.0000,0.9106,8,1
126701,304,394,377,423,422,14.038,2.053,-1.397,0.8468,1.0000,1.0000,1.0000,0.9106,8,1
126751,304,394,377,424,422,7.435,2.595,-0.878,0.8468,1.0000,1.0000,1.0000,0.9106,8,1
126804,304,394,377,424,422,28.405,5.878,-4.427,0.8468,1.0000,1.0000,1.0000,0.9106,8,
126851,304,394,377,424,422,6.420,7.214,-5.473,0.8468,1.0000,1.0000,1.0000,0.9106,8,1
126900,304,394,377,423,422,16.557,6.420,-0.863,0.8468,1.0000,1.0000,1.0000,0.9106,8,1
126953,304,394,377,423,423,9.962,5.191,-3.893,0.8468,1.0000,1.0000,1.0000,0.9156,8,1
127000,304,393,377,423,422,17.252,2.481,-4.847,0.8468,1.0000,1.0000,1.0000,0.9106,8,1
127054,304,394,377,423,423,3.183,-2.725,-9.198,0.8468,1.0000,1.0000,1.0000,0.9156,8,1
127101,304,394,377,423,423,40.634,-6.351,-28.305,0.8468,1.0000,1.0000,1.0000,0.9156,8,1
127150,304,394,377,423,423,39.573,-20.992,-24.382,0.8468,1.0000,1.0000,1.0000,0.9156,8,1
127203,304,394,377,423,423,43.939,-1.122,-42.496,0.8468,1.0000,1.0000,1.0000,0.9156,8,1
127250,304,395,376,422,424,76.481,-15.580,-58.519,0.8468,1.0000,1.0000,1.0000,0.9206,8,1
127304,304,395,376,422,425,42.511,-17.405,-66.252,0.8468,1.0000,1.0000,1.0000,0.9257,8,1
# Gesture ID set to 9
135301,150,273,196,293,249,9.977,3.748,0.870,0.0000,0.1034,0.0000,0.2473,0.0400,9,1
135354,293,351,314,360,340,-0.069,-1.679,0.275,0.7694,0.7418,1.0000,0.8356,0.4979,9,1
135401,302,356,322,365,346,4.817,3.626,-2.328,0.8327,0.7827,1.0000,0.8795,0.5281,9,1
135451,303,357,323,365,346,14.977,-10.282,-0.954,0.8397,0.7909,1.0000,0.8795,0.5281,9,1
135504,303,357,322,364,346,13.779,-10.046,-1.267,0.8397,0.7909,1.0000,0.8708,0.5281,9,1
135551,303,357,323,365,345,21.672,-19.206,-2.626,0.8397,0.7909,1.0000,0.8795,0.5231,9,1
135600,303,357,322,364,345,55.679,-35.924,-14.779,0.8397,0.7909,1.0000,0.8708,0.5231,9,1
135653,303,358,324,368,343,139.924,-105.092,-31.458,0.8397,0.7991,1.0000,0.9059,0.5130,9,1
135700,305,359,332,373,341,150.580,-121.008,-49.336,0.8538,0.8073,1.0000,0.9498,0.5030,9,1
135750,309,359,346,381,344,224.603,-87.969,-63.298,0.8820,0.8073,1.0000,1.0000,0.5181,9,1
135803,313,356,365,389,343,152.176,-127.176,-56.420,0.9101,0.7827,1.0000,1.0000,0.5130,9,1
135850,312,361,375,404,360,186.992,-151.565,-113.985,0.9031,0.8237,1.0000,1.0000,0.5986,9,1
135903,306,387,380,417,394,228.435,-177.847,-124.237,0.8609,1.0000,1.0000,1.0000,0.7697,9,1
135952,308,405,380,423,414,152.511,-21.519,-99.076,0.8749,1.0000,1.0000,1.0000,0.8703,9,1
135999,313,413,379,423,414,77.374,25.053,-56.756,0.9101,1.0000,1.0000,1.0000,0.8703,9,1
136053,314,411,380,423,408,59.458,35.527,-66.000,0.9171,1.0000,1.0000,1.0000,0.8401,9,1
136100,321,406,380,424,395,33.427,17.061,-33.519,0.9664,1.0000,1.0000,1.0000,0.7747,9,1
136153,335,403,381,424,388,19.893,37.893,-30.565,1.0000,1.0000,1.0000,1.0000,0.7395,9,1
136200,346,401,381,421,390,-12.908,31.382,-3.794,1.0000,1.0000,1.0000,1.0000,0.7496,9,1
136253,345,401,380,420,397,-11.832,39.992,-3.160,1.0000,1.0000,1.0000,1.0000,0.7848,9,1
136300,346,402,379,417,396,-19.611,18.313,18.924,1.0000,1.0000,1.0000,1.0000,0.7797,9,1
136354,343,402,378,415,391,-16.771,6.168,23.168,1.0000,1.0000,1.0000,1.0000,0.7546,9,1
136401,338,401,377,414,390,-120.191,-0.008,-0.008,1.0000,1.0000,1.0000,1.0000,0.7496,9,1
# Gesture ID set to 10
163481,189,274,212,248,191,6.679,2.580,-1.282,0.0376,0.1116,0.1672,0.0000,0.0000,10,1
163490,215,291,235,267,216,6.153,1.817,-1.374,0.2206,0.2507,0.4294,0.0191,0.0000,10,1
163498,236,304,253,282,236,4.908,1.511,-0.916,0.3683,0.3571,0.6347,0.1508,0.0000,10,1
163506,252,315,268,294,252,5.405,0.695,-0.733,0.4809,0.4472,0.8057,0.2561,0.0551,10,1
163512,265,323,280,304,264,6.794,-0.107,-0.611,0.5724,0.5126,0.9425,0.3439,0.1155,10,1
163520,276,330,289,312,274,1.863,2.115,0.130,0.6498,0.5699,1.0000,0.4142,0.1658,10,1
163529,285,335,297,318,283,5.466,1.817,-0.481,0.7131,0.6109,1.0000,0.4669,0.2111,10,1
163537,291,340,303,323,289,6.214,2.313,-0.656,0.7553,0.6518,1.0000,0.5108,0.2413,10,1
163543,297,343,308,327,294,6.733,2.382,-0.740,0.7975,0.6763,1.0000,0.5459,0.2665,10,1
163551,301,346,312,330,298,5.557,2.298,-0.519,0.8257,0.7009,1.0000,0.5722,0.2866,10,1
163559,305,348,315,332,302,5.794,2.237,-0.107,0.8538,0.7173,1.0000,0.5898,0.3067,10,1
163567,307,350,317,334,305,6.282,1.863,0.168,0.8679,0.7336,1.0000,0.6073,0.3218,10,1
163574,310,352,319,336,307,5.206,1.603,0.695,0.8890,0.7500,1.0000,0.6249,0.3319,10,1
163582,311,353,321,337,309,3.618,1.771,1.168,0.8960,0.7582,1.0000,0.6337,0.3420,10,1
163590,313,354,322,338,310,4.366,1.542,1.168,0.9101,0.7664,1.0000,0.6425,0.3470,10,1
163598,314,354,323,339,311,4.954,2.023,1.244,0.9171,0.7664,1.0000,0.6512,0.3520,10,1
163606,315,355,324,340,312,6.282,3.008,1.023,0.9242,0.7746,1.0000,0.6600,0.3571,10,1
163613,316,355,325,341,312,7.725,3.008,0.985,0.9312,0.7746,1.0000,0.6688,0.3571,10,1
163621,316,356,325,341,313,6.542,1.687,0.275,0.9312,0.7827,1.0000,0.6688,0.3621,10,1
163629,317,356,326,341,314,5.817,1.489,0.458,0.9383,0.7827,1.0000,0.6688,0.3671,10,1
163637,317,356,326,341,314,5.580,1.382,0.573,0.9383,0.7827,1.0000,0.6688,0.3671,10,1
163643,317,356,326,342,314,5.328,0.962,0.794,0.9383,0.7827,1.0000,0.6776,0.3671,10,1
163651,318,357,327,342,314,2.885,1.153,1.221,0.9453,0.7909,1.0000,0.6776,0.3671,10,1
163660,318,357,327,342,314,3.000,0.168,0.947,0.9453,0.7909,1.0000,0.6776,0.3671,10,1
163668,318,357,326,342,314,3.252,1.519,0.672,0.9453,0.7909,1.0000,0.6776,0.3671,10,1
163674,318,357,326,342,314,5.031,2.206,-0.076,0.9453,0.7909,1.0000,0.6776,0.3671,10,1
163713,224,292,239,267,218,5.947,3.313,-1.519,0.2839,0.2589,0.4750,0.0191,0.0000,10,1
163721,243,305,257,282,237,3.221,2.779,-0.832,0.4176,0.3653,0.6803,0.1508,0.0000,10,1
163727,258,315,271,294,253,1.466,2.069,0.008,0.5231,0.4472,0.8399,0.2561,0.0602,10,1
163735,270,324,282,304,265,2.305,1.008,0.000,0.6075,0.5208,0.9653,0.3439,0.1205,10,1
163744,280,330,291,312,275,1.824,1.069,0.366,0.6779,0.5699,1.0000,0.4142,0.1709,10,1
163752,287,336,298,318,283,4.061,0.435,0.198,0.7272,0.6190,1.0000,0.4669,0.2111,10,1
163758,294,340,304,323,290,4.076,1.092,0.443,0.7764,0.6518,1.0000,0.5108,0.2463,10,1
163766,299,343,309,326,295,6.160,1.710,0.275,0.8116,0.6763,1.0000,0.5371,0.2715,10,1
163774,303,346,313,330,299,8.084,2.122,-0.092,0.8397,0.7009,1.0000,0.5722,0.2916,10,1
163783,306,348,315,332,302,8.695,2.191,-0.229,0.8609,0.7173,1.0000,0.5898,0.3067,10,1
163789,309,350,318,334,305,9.313,2.366,-0.618,0.8820,0.7336,1.0000,0.6073,0.3218,10,1
163797,311,351,320,336,306,9.046,1.901,-0.679,0.8960,0.7418,1.0000,0.6249,0.3269,10,1
163805,312,352,321,338,308,8.374,1.802,-0.931,0.9031,0.7500,1.0000,0.6425,0.3369,10,1
163813,313,353,322,339,310,6.901,1.824,-0.809,0.9101,0.7582,1.0000,0.6512,0.3470,10,1
163819,314,354,323,339,311,5.053,2.069,-0.779,0.9171,0.7664,1.0000,0.6512,0.3520,10,1
163828,315,355,324,340,312,3.107,1.847,-0.573,0.9242,0.7746,1.0000,0.6600,0.3571,10,1
163836,315,355,325,340,312,2.107,1.924,-0.389,0.9242,0.7746,1.0000,0.6600,0.3571,10,1
163844,316,355,325,341,313,2.115,0.870,0.076,0.9312,0.7746,1.0000,0.6688,0.3621,10,1
163852,317,356,326,341,313,2.290,0.046,0.290,0.9383,0.7827,1.0000,0.6688,0.3621,10,1
163858,317,356,326,341,314,3.962,0.076,0.214,0.9383,0.7827,1.0000,0.6688,0.3671,10,1
163867,317,356,326,342,314,5.489,0.168,-0.359,0.9383,0.7827,1.0000,0.6776,0.3671,10,1
167223,163,279,181,262,173,5.076,2.992,-0.458,0.0000,0.1525,0.0000,0.0000,0.0000,10,1
167231,194,297,211,282,203,6.580,3.176,-1.397,0.0728,0.2998,0.1558,0.1508,0.0000,10,1
167240,219,312,234,298,227,7.328,3.840,-1.740,0.2487,0.4226,0.4180,0.2912,0.0000,10,1
167246,239,323,253,311,246,9.267,3.260,-2.542,0.3894,0.5126,0.6347,0.4054,0.0249,10,1
167254,255,333,268,322,262,7.733,4.053,-2.786,0.5020,0.5945,0.8057,0.5020,0.1054,10,1
167262,268,340,280,330,274,7.237,3.710,-2.679,0.5935,0.6518,0.9425,0.5722,0.1658,10,1
167270,278,346,289,337,284,5.595,2.916,-2.321,0.6638,0.7009,1.0000,0.6337,0.2162,10,1
167278,287,351,297,342,292,2.321,2.733,-1.298,0.7272,0.7418,1.0000,0.6776,0.2564,10,1
167285,293,355,303,346,298,-0.504,3.122,-0.450,0.7694,0.7746,1.0000,0.7127,0.2866,10,1
167293,299,358,308,349,303,-0.870,3.206,-0.137,0.8116,0.7991,1.0000,0.7390,0.3118,10,1
167301,303,360,312,352,307,0.389,4.008,-0.206,0.8397,0.8155,1.0000,0.7654,0.3319,10,1
167309,306,362,315,354,310,2.580,4.977,-0.557,0.8609,0.8318,1.0000,0.7829,0.3470,10,1
167315,309,364,318,356,313,4.618,6.260,-1.321,0.8820,0.8482,1.0000,0.8005,0.3621,10,1
167324,311,365,320,357,315,7.443,7.557,-1.992,0.8960,0.8564,1.0000,0.8093,0.3721,10,1
167332,313,366,321,358,317,9.076,7.412,-2.221,0.9101,0.8646,1.0000,0.8181,0.3822,10,1
167340,314,367,323,359,318,8.427,7.977,-2.336,0.9171,0.8728,1.0000,0.8269,0.3872,10,1
167346,315,367,324,360,319,9.412,7.466,-2.382,0.9242,0.8728,1.0000,0.8356,0.3923,10,1
167354,316,368,325,360,320,6.351,6.321,-1.443,0.9312,0.8810,1.0000,0.8356,0.3973,10,1
167362,317,368,325,361,321,3.924,4.809,-0.763,0.9383,0.8810,1.0000,0.8444,0.4023,10,1
167371,317,368,326,361,322,2.794,3.450,-0.450,0.9383,0.8810,1.0000,0.8444,0.4074,10,1
167377,318,368,326,361,322,2.481,2.595,0.198,0.9453,0.8810,1.0000,0.8444,0.4074,10,1
167385,318,369,326,361,322,2.908,2.412,0.351,0.9453,0.8891,1.0000,0.8444,0.4074,10,1
167393,318,369,327,362,323,4.611,2.519,0.321,0.9453,0.8891,1.0000,0.8532,0.4124,10,1
167401,318,369,327,362,323,6.687,2.863,-0.160,0.9453,0.8891,1.0000,0.8532,0.4124,10,1
167407,319,369,327,362,323,9.809,3.107,-1.214,0.9523,0.8891,1.0000,0.8532,0.4124,10,1
167416,319,369,327,362,323,11.496,3.168,-1.740,0.9523,0.8891,1.0000,0.8532,0.4124,10,1
167424,319,369,327,362,323,11.855,3.527,-2.237,0.9523,0.8891,1.0000,0.8532,0.4124,10,1
167432,319,369,327,362,323,11.832,3.344,-2.122,0.9523,0.8891,1.0000,0.8532,0.4124,10,1
167438,319,369,327,362,323,11.817,2.992,-2.359,0.9523,0.8891,1.0000,0.8532,0.4124,10,1
167446,319,369,327,362,323,9.427,2.916,-1.756,0.9523,0.8891,1.0000,0.8532,0.4124,10,1
167455,319,369,327,362,323,6.855,2.611,-1.351,0.9523,0.8891,1.0000,0.8532,0.4124,10,1
167463,319,369,328,362,324,6.084,2.435,-1.198,0.9523,0.8891,1.0000,0.8532,0.4174,10,1
167471,319,369,328,362,324,4.305,2.321,-0.336,0.9523,0.8891,1.0000,0.8532,0.4174,10,1
167477,319,369,327,362,324,4.214,2.939,-0.260,0.9523,0.8891,1.0000,0.8532,0.4174,10,1
167485,319,369,328,362,324,5.702,3.458,-0.573,0.9523,0.8891,1.0000,0.8532,0.4174,10,1
167494,319,369,328,362,324,7.244,3.809,-0.420,0.9523,0.8891,1.0000,0.8532,0.4174,10,1
167502,319,369,328,362,324,9.336,4.305,-0.664,0.9523,0.8891,1.0000,0.8532,0.4174,10,1
167508,320,369,328,362,324,10.504,4.664,-1.130,0.9594,0.8891,1.0000,0.8532,0.4174,10,1
167516,320,369,328,362,324,11.740,4.481,-1.397,0.9594,0.8891,1.0000,0.8532,0.4174,10,1
167524,320,369,328,362,324,11.962,4.031,-1.733,0.9594,0.8891,1.0000,0.8532,0.4174,10,1
167532,320,369,328,362,324,11.687,3.840,-1.863,0.9594,0.8891,1.0000,0.8532,0.4174,10,1
167539,320,369,328,362,324,9.344,4.229,-1.649,0.9594,0.8891,1.0000,0.8532,0.4174,10,1
167547,320,369,327,362,324,7.221,4.282,-0.878,0.9594,0.8891,1.0000,0.8532,0.4174,10,1
167555,320,369,327,362,324,6.038,4.237,-0.855,0.9594,0.8891,1.0000,0.8532,0.4174,10,1
167563,320,369,328,362,324,5.664,4.382,-0.802,0.9594,0.8891,1.0000,0.8532,0.4174,10,1
167569,320,369,328,362,324,8.916,4.305,-1.366,0.9594,0.8891,1.0000,0.8532,0.4174,10,1
167577,320,368,328,362,324,9.305,4.527,-1.748,0.9594,0.8810,1.0000,0.8532,0.4174,10,1
167586,319,368,328,362,324,9.931,4.015,-2.397,0.9523,0.8810,1.0000,0.8532,0.4174,10,1
167594,319,369,328,361,324,10.412,3.359,-2.710,0.9523,0.8891,1.0000,0.8444,0.4174,10,1
167602,319,369,328,361,324,8.031,2.145,-2.130,0.9523,0.8891,1.0000,0.8444,0.4174,10,1
167608,319,369,328,362,324,4.489,0.130,-1.786,0.9523,0.8891,1.0000,0.8532,0.4174,10,1
167616,319,369,328,362,324,0.809,0.618,0.740,0.9523,0.8891,1.0000,0.8532,0.4174,10,1
167625,319,369,328,362,324,1.542,0.252,1.786,0.9523,0.8891,1.0000,0.8532,0.4174,10,1
167633,319,369,328,362,325,1.473,-0.588,2.695,0.9523,0.8891,1.0000,0.8532,0.4225,10,1
167639,319,369,328,363,325,5.198,-0.565,1.740,0.9523,0.8891,1.0000,0.8620,0.4225,10,1
167647,319,370,328,363,325,9.847,-2.435,-0.115,0.9523,0.8973,1.0000,0.8620,0.4225,10,1
167655,319,370,328,363,325,12.168,-2.733,-0.176,0.9523,0.8973,1.0000,0.8620,0.4225,10,1
167663,319,370,329,364,325,11.634,-5.023,0.061,0.9523,0.8973,1.0000,0.8708,0.4225,10,1
167670,319,370,329,364,326,9.382,-6.870,0.824,0.9523,0.8973,1.0000,0.8708,0.4275,10,1
167678,319,370,330,365,326,7.130,-7.947,1.885,0.9523,0.8973,1.0000,0.8795,0.4275,10,1
167686,319,371,331,366,327,7.374,-8.748,2.931,0.9523,0.9055,1.0000,0.8883,0.4325,10,1
167694,319,371,332,367,327,7.626,-10.924,1.618,0.9523,0.9055,1.0000,0.8971,0.4325,10,1
167700,320,371,332,368,328,6.137,-10.267,0.687,0.9594,0.9055,1.0000,0.9059,0.4376,10,1
167709,320,371,333,368,329,7.977,-14.122,-3.382,0.9594,0.9055,1.0000,0.9059,0.4426,10,1
167717,320,371,335,370,330,9.321,-18.588,-6.473,0.9594,0.9055,1.0000,0.9234,0.4476,10,1
167725,320,372,336,371,331,7.397,-19.511,-6.244,0.9594,0.9137,1.0000,0.9322,0.4527,10,1
167733,321,372,338,372,333,6.542,-22.939,-7.450,0.9664,0.9137,1.0000,0.9410,0.4627,10,1
167739,321,373,340,374,334,10.786,-26.099,-7.779,0.9664,0.9219,1.0000,0.9586,0.4678,10,1
167747,321,373,342,376,336,8.084,-27.084,-6.794,0.9664,0.9219,1.0000,0.9761,0.4778,10,1
167756,322,373,345,377,339,6.153,-28.153,-1.641,0.9734,0.9219,1.0000,0.9849,0.4929,10,1
167764,322,374,347,379,341,7.130,-28.550,-1.977,0.9734,0.9301,1.0000,1.0000,0.5030,10,1
167770,323,374,349,381,344,6.191,-34.351,11.580,0.9805,0.9301,1.0000,1.0000,0.5181,10,1
167778,324,374,352,383,347,-2.053,-42.382,-0.870,0.9875,0.9301,1.0000,1.0000,0.5332,10,1
167786,324,375,354,386,351,4.550,-53.817,5.779,0.9875,0.9382,1.0000,1.0000,0.5533,10,1
167795,325,377,357,389,355,2.366,-47.656,1.573,0.9945,0.9546,1.0000,1.0000,0.5734,10,1
167801,326,378,360,391,359,5.069,-45.626,1.229,1.0000,0.9628,1.0000,1.0000,0.5936,10,1
167809,327,381,362,393,363,57.023,-35.679,-2.878,1.0000,0.9874,1.0000,1.0000,0.6137,10,1
167817,328,384,365,396,367,46.122,-53.489,-8.351,1.0000,1.0000,1.0000,1.0000,0.6338,10,1
167825,329,387,368,399,372,51.695,-78.046,-16.969,1.0000,1.0000,1.0000,1.0000,0.6590,10,1
167831,331,391,371,403,376,72.817,-101.130,-17.244,1.0000,1.0000,1.0000,1.0000,0.6791,10,1
167840,332,395,373,406,381,43.954,-100.641,-28.580,1.0000,1.0000,1.0000,1.0000,0.7043,10,1
167848,334,399,375,408,385,101.527,-136.748,-45.725,1.0000,1.0000,1.0000,1.0000,0.7244,10,1
167856,335,403,377,411,390,100.924,-171.893,-44.298,1.0000,1.0000,1.0000,1.0000,0.7496,10,1
167862,336,406,379,414,394,129.588,-177.985,-42.725,1.0000,1.0000,1.0000,1.0000,0.7697,10,1
167870,337,410,380,416,399,45.496,-122.603,-44.069,1.0000,1.0000,1.0000,1.0000,0.7948,10,1
167879,339,413,382,418,403,78.954,-74.450,-57.710,1.0000,1.0000,1.0000,1.0000,0.8150,10,1
167885,340,415,382,419,407,68.947,-17.107,-56.260,1.0000,1.0000,1.0000,1.0000,0.8351,10,1
167893,341,417,382,420,411,72.702,19.702,-46.282,1.0000,1.0000,1.0000,1.0000,0.8552,10,1
167901,343,419,383,421,414,69.511,34.015,-38.176,1.0000,1.0000,1.0000,1.0000,0.8703,10,1
167909,344,420,383,422,417,80.901,30.977,-20.031,1.0000,1.0000,1.0000,1.0000,0.8854,10,1
167915,345,422,383,423,420,77.527,23.084,-0.794,1.0000,1.0000,1.0000,1.0000,0.9005,10,1
167924,346,423,383,423,422,69.947,5.985,4.626,1.0000,1.0000,1.0000,1.0000,0.9106,10,1
167932,346,423,382,423,424,79.328,-0.260,1.542,1.0000,1.0000,1.0000,1.0000,0.9206,10,1
167940,347,424,382,423,426,42.489,-5.527,8.527,1.0000,1.0000,1.0000,1.0000,0.9307,10,1
167946,348,424,381,423,428,57.420,-10.397,12.985,1.0000,1.0000,1.0000,1.0000,0.9408,10,1
167954,349,424,381,423,429,45.107,-3.382,15.267,1.0000,1.0000,1.0000,1.0000,0.9458,10,1
167963,349,424,381,423,430,37.153,5.053,11.313,1.0000,1.0000,1.0000,1.0000,0.9508,10,1
167969,350,424,381,423,431,35.366,6.214,6.786,1.0000,1.0000,1.0000,1.0000,0.9559,10,1
167977,350,423,381,423,432,37.382,3.969,2.527,1.0000,1.0000,1.0000,1.0000,0.9609,10,1
167985,351,423,381,423,433,30.206,4.641,2.557,1.0000,1.0000,1.0000,1.0000,0.9659,10,1
167993,351,423,381,422,433,29.237,5.214,7.183,1.0000,1.0000,1.0000,1.0000,0.9659,10,1
167999,351,423,381,422,434,24.710,5.290,11.351,1.0000,1.0000,1.0000,1.0000,0.9710,10,1
168008,351,423,381,422,434,16.443,6.137,13.313,1.0000,1.0000,1.0000,1.0000,0.9710,10,1
168016,351,423,380,421,434,14.969,5.702,12.672,1.0000,1.0000,1.0000,1.0000,0.9710,10,1
168024,352,423,380,421,435,16.641,5.573,12.771,1.0000,1.0000,1.0000,1.0000,0.9760,10,1
168030,352,423,380,421,435,16.908,-1.351,14.397,1.0000,1.0000,1.0000,1.0000,0.9760,10,1
168038,352,423,380,421,435,17.573,-4.718,14.939,1.0000,1.0000,1.0000,1.0000,0.9760,10,1
168046,352,422,380,420,435,13.656,-0.893,10.084,1.0000,1.0000,1.0000,1.0000,0.9760,10,1
168055,352,422,380,420,435,15.275,1.527,5.519,1.0000,1.0000,1.0000,1.0000,0.9760,10,1
168061,352,422,380,420,435,10.573,2.672,4.214,1.0000,1.0000,1.0000,1.0000,0.9760,10,1
168069,352,422,380,419,436,12.573,3.282,4.870,1.0000,1.0000,1.0000,1.0000,0.9810,10,1
168077,352,422,380,419,436,11.863,11.214,3.802,1.0000,1.0000,1.0000,1.0000,0.9810,10,1
168083,352,422,380,419,436,11.885,17.290,2.580,1.0000,1.0000,1.0000,1.0000,0.9810,10,1
168092,352,421,380,419,436,8.794,22.550,1.511,1.0000,1.0000,1.0000,1.0000,0.9810,10,1
168100,352,422,380,418,436,8.229,27.053,2.069,1.0000,1.0000,1.0000,1.0000,0.9810,10,1
168108,352,422,380,418,436,9.053,31.382,-4.687,1.0000,1.0000,1.0000,1.0000,0.9810,10,1
168114,352,421,380,417,436,15.389,26.229,-6.725,1.0000,1.0000,1.0000,1.0000,0.9810,10,1
168122,352,421,380,417,436,24.412,21.130,-7.496,1.0000,1.0000,1.0000,1.0000,0.9810,10,1
168130,352,421,380,417,436,30.519,21.237,-8.489,1.0000,1.0000,1.0000,1.0000,0.9810,10,1
168139,352,421,380,417,436,29.847,20.656,-8.008,1.0000,1.0000,1.0000,1.0000,0.9810,10,1
168145,352,421,380,417,436,25.931,17.863,-4.618,1.0000,1.0000,1.0000,1.0000,0.9810,10,1
168153,351,421,380,417,436,14.214,13.588,0.542,1.0000,1.0000,1.0000,1.0000,0.9810,10,1
168161,351,421,380,416,436,5.420,10.580,3.191,1.0000,1.0000,1.0000,1.0000,0.9810,10,1
168200,351,421,379,415,436,9.641,13.611,0.015,1.0000,1.0000,1.0000,1.0000,0.9810,10,1
168253,350,420,379,415,435,7.733,1.282,5.710,1.0000,1.0000,1.0000,1.0000,0.9760,10,1
168302,350,421,379,415,436,16.237,9.237,-4.939,1.0000,1.0000,1.0000,1.0000,0.9810,10,1
168350,351,420,378,415,436,11.565,-0.015,-1.412,1.0000,1.0000,1.0000,1.0000,0.9810,10,1
168403,350,420,378,414,436,5.206,0.450,-1.985,1.0000,1.0000,1.0000,1.0000,0.9810,10,1
168450,348,417,378,414,435,10.901,-53.962,26.947,1.0000,1.0000,1.0000,1.0000,0.9760,10,1
168503,341,416,380,418,428,-28.985,-38.252,9.756,1.0000,1.0000,1.0000,1.0000,0.9408,10,1
168552,337,411,384,415,388,-136.580,79.763,40.000,1.0000,1.0000,1.0000,1.0000,0.7395,10,1
168599,331,376,377,388,337,-95.779,119.099,67.603,1.0000,0.9464,1.0000,1.0000,0.4829,10,1
168653,332,342,364,355,319,-1.252,49.000,-10.939,1.0000,0.6682,1.0000,0.7917,0.3923,10,1
168700,332,334,350,345,315,10.634,-9.939,-1.061,1.0000,0.6027,1.0000,0.7039,0.3721,10,1
168753,330,341,341,342,314,24.771,-77.641,-5.504,1.0000,0.6600,1.0000,0.6776,0.3671,10,1
168802,330,358,337,355,318,14.763,-54.305,-36.863,1.0000,0.7991,1.0000,0.7917,0.3872,10,1
168849,333,373,356,386,344,51.427,-80.939,0.878,1.0000,0.9219,1.0000,1.0000,0.5181,10,1
168903,338,405,380,413,382,83.695,-65.954,-39.908,1.0000,1.0000,1.0000,1.0000,0.7093,10,1
168952,342,425,383,423,423,55.947,-1.786,-59.206,1.0000,1.0000,1.0000,1.0000,0.9156,10,1
169003,350,430,379,422,436,106.718,7.382,-12.885,1.0000,1.0000,1.0000,1.0000,0.9810,10,1
169052,353,428,377,418,439,35.359,-1.443,-22.878,1.0000,1.0000,1.0000,1.0000,0.9961,10,1
169099,353,426,376,414,440,-0.450,-7.374,15.244,1.0000,1.0000,1.0000,1.0000,1.0000,10,1
169152,349,423,375,412,437,-36.229,20.824,13.511,1.0000,1.0000,1.0000,1.0000,0.9861,10,1
169202,342,424,376,414,429,-66.618,51.405,17.069,1.0000,1.0000,1.0000,1.0000,0.9458,10,1
169253,336,402,370,405,384,-184.450,250.130,51.160,1.0000,1.0000,1.0000,1.0000,0.7194,10,1
169302,335,348,368,370,329,-61.763,114.489,28.824,1.0000,0.7173,1.0000,0.9234,0.4426,10,1
169349,337,320,351,348,313,27.412,47.359,-1.634,1.0000,0.4881,1.0000,0.7303,0.3621,10,1
169402,341,311,324,338,309,35.740,-15.191,6.679,1.0000,0.4144,1.0000,0.6425,0.3420,10,1
169451,343,309,319,336,308,25.366,-4.336,-5.565,1.0000,0.3981,1.0000,0.6249,0.3369,10,1
169501,340,310,319,336,308,92.565,-50.916,-29.580,1.0000,0.4062,1.0000,0.6249,0.3369,10,1
169552,333,329,328,341,312,30.489,-14.748,-15.527,1.0000,0.5618,1.0000,0.6688,0.3571,10,1
169601,329,347,329,346,317,14.748,-26.305,-10.573,1.0000,0.7091,1.0000,0.7127,0.3822,10,1
169654,327,357,329,352,321,9.076,12.702,1.412,1.0000,0.7909,1.0000,0.7654,0.4023,10,1
173703,294,358,306,350,312,13.031,-9.069,3.046,0.7764,0.7991,1.0000,0.7478,0.3571,10,1
173750,317,371,327,364,332,2.244,-2.656,0.076,0.9383,0.9055,1.0000,0.8708,0.4577,10,1
173803,320,373,329,365,334,9.466,-3.076,-2.374,0.9594,0.9219,1.0000,0.8795,0.4678,10,1
173853,319,371,329,364,334,0.351,-5.076,1.595,0.9523,0.9055,1.0000,0.8708,0.4678,10,1
173900,320,370,329,364,334,3.443,-15.191,-1.855,0.9594,0.8973,1.0000,0.8708,0.4678,10,1
173953,320,369,329,364,332,2.695,-22.817,-1.382,0.9594,0.8891,1.0000,0.8708,0.4577,10,1
174002,320,367,328,362,330,-9.076,-52.252,-1.985,0.9594,0.8728,1.0000,0.8532,0.4476,10,1
174053,321,366,328,361,325,-34.099,-36.344,10.840,0.9664,0.8646,1.0000,0.8444,0.4225,10,1
174102,320,360,328,358,319,-25.527,-39.115,12.214,0.9594,0.8155,1.0000,0.8181,0.3923,10,1
174152,321,356,329,355,315,3.168,-20.443,-4.557,0.9664,0.7827,1.0000,0.7917,0.3721,10,1
174203,323,359,338,363,317,-9.450,-20.160,-11.527,0.9805,0.8073,1.0000,0.8620,0.3822,10,1
174252,327,363,353,380,332,12.740,-30.924,-8.679,1.0000,0.8400,1.0000,1.0000,0.4577,10,1
174301,331,378,372,400,351,24.840,-20.740,-3.542,1.0000,0.9628,1.0000,1.0000,0.5533,10,1
174352,332,414,385,419,387,79.756,-60.809,-21.069,1.0000,1.0000,1.0000,1.0000,0.7345,10,1
174401,339,425,384,423,419,80.634,4.031,-18.740,1.0000,1.0000,1.0000,1.0000,0.8955,10,1
174453,344,425,378,421,431,24.435,-14.313,-10.672,1.0000,1.0000,1.0000,1.0000,0.9559,10,1
174502,345,423,376,418,432,-9.817,15.336,-2.878,1.0000,1.0000,1.0000,1.0000,0.9609,10,1
174551,340,420,376,415,429,-23.695,14.031,22.679,1.0000,1.0000,1.0000,1.0000,0.9458,10,1
174602,335,418,380,419,420,-75.756,60.611,21.863,1.0000,1.0000,1.0000,1.0000,0.9005,10,1
174651,332,398,378,406,366,-133.832,157.122,38.695,1.0000,1.0000,1.0000,1.0000,0.6288,10,1
174702,329,350,378,378,323,2.038,75.580,15.122,1.0000,0.7336,1.0000,0.9937,0.4124,10,1
174752,327,348,368,357,315,7.069,18.748,11.779,1.0000,0.7173,1.0000,0.8093,0.3721,10,1
174801,326,336,356,349,313,-2.145,-55.290,-23.947,1.0000,0.6190,1.0000,0.7390,0.3621,10,1
174852,325,357,348,373,329,60.870,-126.137,-19.687,0.9945,0.7909,1.0000,0.9498,0.4426,10,1
174901,330,385,368,402,365,79.695,-123.336,-13.618,1.0000,1.0000,1.0000,1.0000,0.6238,10,1
174954,333,419,378,419,419,145.603,-28.046,-53.137,1.0000,1.0000,1.0000,1.0000,0.8955,10,1
175001,337,422,374,418,434,87.137,9.534,-38.069,1.0000,1.0000,1.0000,1.0000,0.9710,10,1
175051,338,422,373,414,437,25.786,-6.595,-1.359,1.0000,1.0000,1.0000,1.0000,0.9861,10,1
175102,336,419,372,411,435,-53.206,-17.099,33.802,1.0000,1.0000,1.0000,1.0000,0.9760,10,1
175151,332,418,374,410,428,-111.756,63.824,9.901,1.0000,1.0000,1.0000,1.0000,0.9408,10,1
175204,327,406,369,403,383,-187.779,229.359,40.267,1.0000,1.0000,1.0000,1.0000,0.7143,10,1
175251,326,359,366,365,324,-13.298,76.542,7.183,1.0000,0.8073,1.0000,0.8795,0.4174,10,1
175300,328,352,351,345,311,-2.779,53.557,-9.435,1.0000,0.7500,1.0000,0.7039,0.3520,10,1
175352,331,337,335,337,307,6.641,14.366,-0.985,1.0000,0.6272,1.0000,0.6337,0.3319,10,1
175401,332,328,328,336,306,8.191,-11.565,-2.802,1.0000,0.5536,1.0000,0.6249,0.3269,10,1
175450,330,322,325,336,306,44.649,-23.527,-22.397,1.0000,0.5045,1.0000,0.6249,0.3269,10,1
175503,326,329,328,338,308,26.542,-36.771,-10.076,1.0000,0.5618,1.0000,0.6425,0.3369,10,1
175550,323,349,329,352,315,36.985,3.573,-22.550,0.9805,0.7254,1.0000,0.7654,0.3721,10,1
175604,321,360,329,355,317,3.496,6.053,11.618,0.9664,0.8155,1.0000,0.7917,0.3822,10,1
# Gesture ID set to 9
183200,262,344,288,344,284,-15.244,4.687,5.344,0.5513,0.6845,1.0000,0.6951,0.2162,9,1
183253,308,368,328,369,325,-5.443,7.939,6.366,0.8749,0.8810,1.0000,0.9147,0.4225,9,1
183302,312,371,331,370,328,-0.221,0.466,0.718,0.9031,0.9055,1.0000,0.9234,0.4376,9,1
183353,312,371,331,371,329,13.878,2.748,-2.878,0.9031,0.9055,1.0000,0.9322,0.4426,9,1
183402,312,372,331,372,330,19.740,-0.588,-6.595,0.9031,0.9137,1.0000,0.9410,0.4476,9,1
183452,312,370,333,372,329,63.122,-11.298,-19.038,0.9031,0.8973,1.0000,0.9410,0.4426,9,1
183503,313,368,340,375,328,75.695,-43.183,-32.611,0.9101,0.8810,1.0000,0.9673,0.4376,9,1
183552,316,364,349,376,325,129.351,-55.145,-45.191,0.9312,0.8482,1.0000,0.9761,0.4225,9,1
183599,320,358,363,382,326,118.748,-64.687,-54.252,0.9594,0.7991,1.0000,1.0000,0.4275,9,1
183652,320,346,379,388,333,56.275,-97.588,-66.519,0.9594,0.7009,1.0000,1.0000,0.4627,9,1
183701,316,351,388,404,358,125.664,-124.771,-94.802,0.9312,0.7418,1.0000,1.0000,0.5885,9,1
183753,311,390,391,419,397,250.130,-115.962,-103.000,0.8960,1.0000,1.0000,1.0000,0.7848,9,1
183802,311,413,389,425,424,108.565,9.947,-72.351,0.8960,1.0000,1.0000,1.0000,0.9206,9,1
183851,317,415,389,426,422,52.603,44.473,-77.366,0.9383,1.0000,1.0000,1.0000,0.9106,9,1
183902,325,412,389,427,413,1.855,47.466,-52.863,0.9945,1.0000,1.0000,1.0000,0.8653,9,1
183951,331,409,388,428,405,19.450,51.496,-45.046,1.0000,1.0000,1.0000,1.0000,0.8250,9,1
184002,336,406,387,427,397,-11.481,61.191,-17.641,1.0000,1.0000,1.0000,1.0000,0.7848,9,1
184052,336,405,385,424,389,5.802,57.733,-23.397,1.0000,1.0000,1.0000,1.0000,0.7445,9,1
184101,335,405,383,419,380,-3.443,40.023,-9.794,1.0000,1.0000,1.0000,1.0000,0.6992,9,1
184152,334,405,382,418,378,-12.198,-9.466,10.962,1.0000,1.0000,1.0000,1.0000,0.6892,9,1
184201,332,405,381,417,376,2.473,13.641,9.626,1.0000,1.0000,1.0000,1.0000,0.6791,9,1
184252,330,404,381,416,375,-2.595,-2.664,6.244,1.0000,1.0000,1.0000,1.0000,0.6741,9,1
184301,329,405,381,415,374,-9.466,-1.939,12.802,1.0000,1.0000,1.0000,1.0000,0.6690,9,1
184351,328,405,380,415,373,4.855,1.244,-0.061,1.0000,1.0000,1.0000,1.0000,0.6640,9,1
184402,328,405,380,414,372,-12.656,-7.901,10.656,1.0000,1.0000,1.0000,1.0000,0.6590,9,1
184451,327,405,380,414,372,10.626,8.710,-2.939,1.0000,1.0000,1.0000,1.0000,0.6590,9,1
184502,327,405,380,414,371,-1.031,0.450,2.305,1.0000,1.0000,1.0000,1.0000,0.6539,9,1
184551,326,405,380,414,371,9.756,8.786,-3.611,1.0000,1.0000,1.0000,1.0000,0.6539,9,1
184600,326,405,379,414,371,-2.763,-1.290,2.313,1.0000,1.0000,1.0000,1.0000,0.6539,9,1
184652,326,405,379,414,370,7.939,8.290,-3.031,1.0000,1.0000,1.0000,1.0000,0.6489,9,1
184701,326,405,379,414,369,0.252,-0.237,1.847,1.0000,1.0000,1.0000,1.0000,0.6439,9,1
184752,327,405,379,414,370,7.298,3.855,-0.779,1.0000,1.0000,1.0000,1.0000,0.6489,9,1
184801,327,405,379,413,370,0.481,-2.878,1.603,1.0000,1.0000,1.0000,1.0000,0.6489,9,1
184854,326,405,379,413,369,8.061,6.939,0.336,1.0000,1.0000,1.0000,1.0000,0.6439,9,1
184902,325,406,378,413,369,1.832,-0.786,0.573,0.9945,1.0000,1.0000,1.0000,0.6439,9,1
184951,325,405,379,413,369,7.435,5.870,-1.420,0.9945,1.0000,1.0000,1.0000,0.6439,9,1
185002,325,406,379,413,369,14.534,-9.977,10.802,0.9945,1.0000,1.0000,1.0000,0.6439,9,1
185051,325,406,378,413,369,20.420,8.351,-3.595,0.9945,1.0000,1.0000,1.0000,0.6439,9,1
185104,325,406,378,413,369,0.221,-2.901,0.389,0.9945,1.0000,1.0000,1.0000,0.6439,9,1
185151,324,406,378,412,368,6.099,4.977,1.252,0.9875,1.0000,1.0000,1.0000,0.6388,9,1
185201,324,406,378,413,368,3.328,-2.718,2.420,0.9875,1.0000,1.0000,1.0000,0.6388,9,1
185254,324,405,378,413,367,7.168,1.702,-0.489,0.9875,1.0000,1.0000,1.0000,0.6338,9,1
185301,324,405,378,412,367,5.382,-1.015,2.542,0.9875,1.0000,1.0000,1.0000,0.6338,9,1
185350,323,404,378,412,367,22.695,3.099,16.519,0.9805,1.0000,1.0000,1.0000,0.6338,9,1
185401,321,404,377,414,362,31.061,-63.977,13.282,0.9664,1.0000,1.0000,1.0000,0.6087,9,1
185450,317,402,375,414,358,-125.038,-4.863,71.290,0.9383,1.0000,1.0000,1.0000,0.5885,9,1
187853,208,305,233,282,209,6.672,4.344,-1.321,0.1713,0.3653,0.4066,0.1508,0.0000,9,1
187902,302,358,316,345,302,1.160,1.496,0.176,0.8327,0.7991,1.0000,0.7039,0.3067,9,1
187951,310,363,324,351,311,9.450,3.611,0.122,0.8890,0.8400,1.0000,0.7566,0.3520,9,1
188002,311,363,325,351,311,-7.466,6.695,1.145,0.8960,0.8400,1.0000,0.7566,0.3520,9,1
188051,311,363,325,351,311,5.137,2.267,1.595,0.8960,0.8400,1.0000,0.7566,0.3520,9,1
188100,310,363,325,352,311,0.557,-1.130,2.634,0.8890,0.8400,1.0000,0.7654,0.3520,9,1
188152,311,362,325,353,311,0.771,1.427,3.252,0.8960,0.8318,1.0000,0.7742,0.3520,9,1
188201,310,363,325,354,311,8.817,0.153,2.038,0.8890,0.8400,1.0000,0.7829,0.3520,9,1
188250,311,366,328,357,311,34.229,-19.489,-0.489,0.8960,0.8646,1.0000,0.8093,0.3520,9,1
188303,310,369,334,363,312,98.931,-27.252,-28.382,0.8890,0.8891,1.0000,0.8620,0.3571,9,1
188350,312,370,339,367,313,243.168,0.237,-97.847,0.9031,0.8973,1.0000,0.8971,0.3621,9,1
188404,316,366,345,369,313,250.130,-8.053,-105.710,0.9312,0.8646,1.0000,0.9147,0.3621,9,1
188453,324,362,350,369,316,175.466,-22.008,-93.214,0.9875,0.8318,1.0000,0.9147,0.3772,9,1
188500,328,359,358,371,318,94.893,-16.542,-48.107,1.0000,0.8073,1.0000,0.9322,0.3872,9,1
188553,330,354,371,379,321,66.084,-55.366,-72.336,1.0000,0.7664,1.0000,1.0000,0.4023,9,1
188600,328,350,384,392,323,84.366,-46.473,-75.969,1.0000,0.7336,1.0000,1.0000,0.4124,9,1
188653,322,356,390,408,334,123.015,-102.611,-96.168,0.9734,0.7827,1.0000,1.0000,0.4678,9,1
188703,320,395,390,420,372,143.122,-82.435,-95.076,0.9594,1.0000,1.0000,1.0000,0.6590,9,1
188750,321,410,387,424,405,76.198,11.534,-71.214,0.9664,1.0000,1.0000,1.0000,0.8250,9,1
188803,322,418,386,424,408,10.260,51.214,-34.908,0.9734,1.0000,1.0000,1.0000,0.8401,9,1
188852,322,420,386,426,400,45.168,94.641,-52.794,0.9734,1.0000,1.0000,1.0000,0.7999,9,1
188903,329,416,384,427,384,12.328,62.489,-6.634,1.0000,1.0000,1.0000,1.0000,0.7194,9,1
188952,336,414,383,422,367,-1.099,106.328,-19.924,1.0000,1.0000,1.0000,1.0000,0.6338,9,1
189000,336,413,382,421,360,-21.489,64.756,-20.748,1.0000,1.0000,1.0000,1.0000,0.5986,9,1
189053,333,412,381,421,357,-5.382,41.824,1.901,1.0000,1.0000,1.0000,1.0000,0.5835,9,1
189102,336,411,380,421,355,14.740,41.382,-2.450,1.0000,1.0000,1.0000,1.0000,0.5734,9,1
189153,337,411,380,421,355,-13.618,5.992,15.672,1.0000,1.0000,1.0000,1.0000,0.5734,9,1
189202,338,411,380,421,354,6.756,12.641,1.771,1.0000,1.0000,1.0000,1.0000,0.5684,9,1
189249,337,411,379,420,353,-8.855,-8.672,15.832,1.0000,1.0000,1.0000,1.0000,0.5634,9,1
189303,337,411,379,420,352,5.412,12.748,2.366,1.0000,1.0000,1.0000,1.0000,0.5583,9,1
189352,335,410,378,420,352,-0.550,-1.153,7.863,1.0000,1.0000,1.0000,1.0000,0.5583,9,1
189403,335,411,379,419,351,4.115,8.794,5.779,1.0000,1.0000,1.0000,1.0000,0.5533,9,1
189452,336,411,380,419,351,6.290,-8.153,12.580,1.0000,1.0000,1.0000,1.0000,0.5533,9,1
189501,336,411,379,420,350,3.817,4.137,0.427,1.0000,1.0000,1.0000,1.0000,0.5483,9,1
189553,336,410,379,420,349,28.206,-7.374,8.588,1.0000,1.0000,1.0000,1.0000,0.5432,9,1
189602,335,409,379,420,348,12.626,1.817,10.939,1.0000,1.0000,1.0000,1.0000,0.5382,9,1
189653,336,408,379,420,347,-17.359,-42.351,44.092,1.0000,1.0000,1.0000,1.0000,0.5332,9,1
189702,335,408,379,420,346,-30.496,-15.221,32.015,1.0000,1.0000,1.0000,1.0000,0.5281,9,1
189751,334,407,379,420,346,-52.786,-14.817,28.588,1.0000,1.0000,1.0000,1.0000,0.5281,9,1
189802,332,408,379,419,346,-17.176,4.023,12.748,1.0000,1.0000,1.0000,1.0000,0.5281,9,1
189852,331,407,379,419,346,2.786,3.947,-2.137,1.0000,1.0000,1.0000,1.0000,0.5281,9,1
189903,329,407,379,418,345,4.023,3.145,1.511,1.0000,1.0000,1.0000,1.0000,0.5231,9,1
189952,326,406,379,418,344,-23.206,-14.710,12.756,1.0000,1.0000,1.0000,1.0000,0.5181,9,1
190001,318,404,379,417,343,-57.649,-49.901,41.924,0.9453,1.0000,1.0000,1.0000,0.5130,9,1
194550,280,361,300,355,292,-32.130,-94.275,-25.290,0.6779,0.8237,1.0000,0.7917,0.2564,9,1
194603,312,374,326,368,319,-15.908,-163.275,-42.084,0.9031,0.9301,1.0000,0.9059,0.3923,9,1
194652,315,373,328,367,317,-40.397,-149.397,-31.023,0.9242,0.9219,1.0000,0.8971,0.3822,9,1
194699,316,370,328,364,312,-42.198,-148.374,-11.511,0.9312,0.8973,1.0000,0.8708,0.3571,9,1
194752,316,365,329,365,309,-18.565,-101.649,-27.763,0.9312,0.8564,1.0000,0.8795,0.3420,9,1
194802,316,359,342,368,309,-16.290,-106.099,-16.641,0.9312,0.8073,1.0000,0.9059,0.3420,9,1
194853,317,351,360,374,309,-31.191,-91.656,-30.267,0.9383,0.7418,1.0000,0.9586,0.3420,9,1
194902,315,345,371,386,310,0.344,-85.947,-37.046,0.9242,0.6927,1.0000,1.0000,0.3470,9,1
194951,313,347,380,402,312,23.718,-113.427,-40.954,0.9101,0.7091,1.0000,1.0000,0.3571,9,1
195002,311,367,385,417,328,126.458,-118.397,-84.145,0.8960,0.8728,1.0000,1.0000,0.4376,9,1
195051,310,405,383,421,364,73.130,-96.771,1.542,0.8890,1.0000,1.0000,1.0000,0.6187,9,1
195101,310,419,380,419,391,-5.069,-3.794,-14.244,0.8890,1.0000,1.0000,1.0000,0.7546,9,1
195152,310,425,380,416,395,6.702,2.412,15.168,0.8890,1.0000,1.0000,1.0000,0.7747,9,1
195201,309,428,380,414,383,-9.122,46.588,21.962,0.8820,1.0000,1.0000,1.0000,0.7143,9,1
195254,310,425,380,414,351,-6.450,61.198,7.382,0.8890,1.0000,1.0000,1.0000,0.5533,9,1
195301,311,423,379,415,333,7.466,27.298,41.817,0.8960,1.0000,1.0000,1.0000,0.4627,9,1
195350,310,421,379,415,325,0.756,30.328,4.145,0.8890,1.0000,1.0000,1.0000,0.4225,9,1
195404,306,420,377,416,321,6.267,-3.359,18.145,0.8609,1.0000,1.0000,1.0000,0.4023,9,1
195451,304,420,376,416,320,15.748,12.237,3.443,0.8468,1.0000,1.0000,1.0000,0.3973,9,1
195500,305,420,375,415,319,17.344,3.786,3.664,0.8538,1.0000,1.0000,1.0000,0.3923,9,1
195553,305,419,375,414,319,-7.176,12.763,-5.740,0.8538,1.0000,1.0000,1.0000,0.3923,9,1
195600,306,419,375,414,318,13.145,-0.679,2.939,0.8609,1.0000,1.0000,1.0000,0.3872,9,1
195654,306,418,375,414,319,0.527,6.298,0.290,0.8609,1.0000,1.0000,1.0000,0.3923,9,1
195703,306,418,375,413,318,5.550,5.282,-0.603,0.8609,1.0000,1.0000,1.0000,0.3872,9,1
195750,306,419,375,413,318,3.328,5.229,0.664,0.8609,1.0000,1.0000,1.0000,0.3872,9,1
195803,307,418,374,413,318,2.740,-0.794,1.656,0.8679,1.0000,1.0000,1.0000,0.3872,9,1
195850,307,418,374,413,318,5.779,5.603,-5.870,0.8679,1.0000,1.0000,1.0000,0.3872,9,1
195903,306,418,375,413,318,9.153,5.626,-2.252,0.8609,1.0000,1.0000,1.0000,0.3872,9,1
195953,306,418,374,413,318,1.580,6.527,-2.656,0.8609,1.0000,1.0000,1.0000,0.3872,9,1
196002,306,418,374,412,318,10.282,0.870,-2.145,0.8609,1.0000,1.0000,1.0000,0.3872,9,1
196053,306,417,374,412,317,7.954,3.473,-2.359,0.8609,1.0000,1.0000,1.0000,0.3822,9,1
196102,306,416,374,412,317,-3.878,-2.389,8.672,0.8609,1.0000,1.0000,1.0000,0.3822,9,1
196149,306,416,374,412,317,11.725,7.672,-4.718,0.8609,1.0000,1.0000,1.0000,0.3822,9,1
196202,306,416,374,412,318,-0.168,4.710,-0.504,0.8609,1.0000,1.0000,1.0000,0.3872,9,1
196252,305,416,374,412,318,-9.168,2.466,9.427,0.8538,1.0000,1.0000,1.0000,0.3872,9,1
196301,306,416,374,412,317,23.344,3.695,-9.160,0.8609,1.0000,1.0000,1.0000,0.3822,9,1
196352,306,416,374,412,317,10.679,-1.878,-1.198,0.8609,1.0000,1.0000,1.0000,0.3822,9,1
196401,306,416,374,411,317,-0.748,0.115,4.565,0.8609,1.0000,1.0000,1.0000,0.3822,9,1
196452,305,416,374,412,317,11.634,5.634,-5.725,0.8538,1.0000,1.0000,1.0000,0.3822,9,1
196501,306,416,374,411,317,24.534,0.611,-6.397,0.8609,1.0000,1.0000,1.0000,0.3822,9,1
196551,307,417,374,411,318,10.366,-4.481,-12.008,0.8679,1.0000,1.0000,1.0000,0.3872,9,1
196604,307,418,374,411,318,27.885,6.985,-21.084,0.8679,1.0000,1.0000,1.0000,0.3872,9,1
